Mouse_ID,Transect,State,Address,Code,Latitude,Longitude,Sex,Status,Species,Year,Capture,Dissection,Dissectors,Ectoparasites,Body_weight,Body_length,Tail_length,Spleen_mass,Left_Testis_mass,Right_Testis_mass,Left.epididymis.weight,Seminal.vesicle.weight,Left.ovarium.weight,Right.ovarium.weight,Total,Embryo_left,Embryo_right,Feces_weight
AA_0237,HZ_BR,Germany,Danewitz 22,DANE22,52.7339,13.6664,female,pregnant,Mus musculus,2017,10/09/17,11/09/17,Czech,FALSE,21.69,83.04,87.61,0.0303,NA,NA,NA,NA,NA,NA,NA,2,4,NA
AA_0238,HZ_BR,Germany,Mittelstrasse 4 15345 Altlandsberg (Buchholz),NA,52.585905,13.789663,NA,adult,Mus musculus,2017,10/09/17,11/09/17,German,FALSE,12.37,72.92,69.4,0.02,NA,NA,NA,NA,NA,NA,NA,NA,NA,NA
AA_0239,HZ_BR,Germany,Mittelstrasse 4 15345 Altlandsberg (Buchholz),NA,52.585905,13.789663,male,adult,Mus musculus,2017,10/09/17,11/09/17,Czech,FALSE,13.89,76.19,79.88,0.0235,NA,NA,0.0163,0.0506,NA,NA,NA,NA,NA,NA
AA_0240,HZ_BR,Germany,29/30 spitzmühlerstrasse Buchholz,BUCHH,52.5844,13.7881,female,adult,Mus musculus,2017,10/09/17,11/09/17,German,FALSE,10.54,69.72,67.29,0.01,NA,NA,NA,NA,NA,NA,NA,0,0,NA
AA_0241,HZ_BR,Germany,Kastanienweg 7 15345 Prädikow,NA,52.6242788,14.0101667,female,adult,Mus musculus,2017,11/09/17,12/09/17,Czech,FALSE,13.83,74.78,77.92,0.0219,NA,NA,NA,NA,0.0026,NA,0.0075,0,0,NA
AA_0242,HZ_BR,Germany,"Am Fährkrug 6, 16259 Bad Freienwalde (Oder)",NA,52.807371,14.036785,male,adult,Mus musculus,2017,11/09/17,12/09/17,Czech,FALSE,14.97,79.71,68.88,0.0285,0.0576,0.0519,0.0252,0.1328,NA,NA,NA,NA,NA,0.9
AA_0243,HZ_BR,Germany,Kirchstrasse 2 16230 Britz,BRITZ2,52.8875,13.8119,male,adult,Mus musculus,2017,11/09/17,12/09/17,Czech,FALSE,11.13,70.42,70.4,0.0164,0.0592,0.0628,0.0114,25,NA,NA,NA,NA,NA,0.54
AA_0244,HZ_BR,Germany,Marienhof 6 15741 Bestensee,MARIE,52.2458,13.5994,female,young,Mus musculus,2017,11/09/17,12/09/17,Czech,FALSE,10.47,69.45,76.75,0.0147,NA,NA,NA,NA,0.0023,0.0023,0.0046,0,0,NA
AA_0245,HZ_BR,Germany,"Unter den Eichen 6, 15741 Bestensee",BESTE6,52.2225,13.6025,male,adult,Mus musculus,2017,11/09/17,12/09/17,Czech,FALSE,19.13,86.99,Def,0.0495,0.1027,0.1003,0.0355,0.1668,NA,NA,NA,NA,NA,0.34
AA_0246,HZ_BR,Germany,"Unter den Eichen 6, 15741 Bestensee",BESTE6,52.2225,13.6025,female,adult,Mus musculus,2017,11/09/17,12/09/17,Czech,TRUE (collected),12.45,73.87,73.54,0.0539,NA,NA,NA,NA,0.0028,0.0037,0.0065,0,0,0.11
AA_0247,HZ_BR,Germany,"Unter den Eichen 6, 15741 Bestensee",BESTE6,52.2225,13.6025,male,adult,Mus musculus,2017,11/09/17,12/09/17,Czech,TRUE,23.58,87.94,90.55,0.0972,0.0945,0.1001,44,0.2147,NA,NA,NA,NA,NA,1.2
AA_0248,HZ_BR,Germany,"Unter den Eichen 6, 15741 Bestensee",BESTE6,52.2225,13.6025,female,adult,Mus musculus,2017,11/09/17,12/09/17,Czech,FALSE,14.87,80.11,81.7,0.0331,NA,NA,NA,NA,0.0075,0.0039,0.0114,0,0,0.41
AA_0249,HZ_BR,Germany,"Unter den Eichen 6, 15741 Bestensee",BESTE6,52.2225,13.6025,male,adult,Mus musculus,2017,11/09/17,12/09/17,Czech,FALSE,25.74,94.62,96.15,0.11,0.1262,0.1296,0.0382,0.2445,NA,NA,NA,NA,NA,0.82
AA_0250,HZ_BR,Germany,"Unter den Eichen 6, 15741 Bestensee",BESTE6,52.2225,13.6025,male,adult,Mus musculus,2017,11/09/17,12/09/17,Czech,FALSE,13.03,76.88,75.31,31,0.0575,0.0594,0.0122,NA,NA,NA,NA,NA,NA,0.34
AA_0251,HZ_BR,Germany,"Unter den Eichen 6, 15741 Bestensee",BESTE6,52.2225,13.6025,female,pregnant,Mus musculus,2017,11/09/17,12/09/17,Czech,FALSE,17.39,84.83,88.81,0.0477,NA,NA,NA,NA,0.0036,0.0046,0.0082,0,0,1.02
AA_0252,HZ_BR,Germany,"Unter den Eichen 6, 15741 Bestensee",BESTE6,52.2225,13.6025,male,adult,Mus musculus,2017,11/09/17,12/09/17,Czech,FALSE,18.36,84.24,81,0.0316,0.0881,0.0932,0.0272,0.1176,NA,NA,NA,NA,NA,0.9
AA_0253,HZ_BR,Germany,"Unter den Eichen 6, 15741 Bestensee",BESTE6,52.2225,13.6025,female,adult,Mus musculus,2017,11/09/17,12/09/17,Czech,FALSE,16.71,85.36,80.96,NA,NA,NA,NA,NA,NA,NA,NA,0,0,0.12
AA_0254,HZ_BR,Germany,Marienhof 6 15741 Bestensee,MARIE,52.2458,13.5994,male,adult,Mus musculus,2017,11/09/17,12/09/17,Czech,FALSE,16.46,82.03,79.15,NA,NA,NA,NA,NA,NA,NA,NA,NA,NA,0.54
AA_0255,HZ_BR,Germany,Marienhof 6 15741 Bestensee,MARIE,52.2458,13.5994,male,adult,Mus musculus,2017,11/09/17,12/09/17,Czech,FALSE,8.76,65.53,75.2,0.0127,0.0151,0.0154,NA,NA,NA,NA,NA,NA,NA,0.06
AA_0256,HZ_BR,Germany,"Unter den Eichen 6, 15741 Bestensee",BESTE6,52.2225,13.6025,female,adult,Mus musculus,2017,11/09/17,12/09/17,German,TRUE,19.31,83.51,90.74,0.09,NA,NA,NA,NA,NA,NA,NA,0,0,0.28
AA_0257,HZ_BR,Germany,"Unter den Eichen 6, 15741 Bestensee",BESTE6,52.2225,13.6025,male,adult,Mus musculus,2017,11/09/17,12/09/17,German,TRUE,16.84,82.62,75.34,0.03,0.0859,0.0842,29,NA,NA,NA,NA,NA,NA,0.85
AA_0258,HZ_BR,Germany,"An den Eiskuten 8, 15479 Mittenwalde / Schenkendorf",SCHEN8h,52.2747,13.5905,female,adult,Mus musculus,2017,11/09/17,12/09/17,German,FALSE,13.03,77.94,77.52,0.03,NA,NA,NA,NA,NA,NA,NA,0,0,0.3
AA_0259,HZ_BR,Germany,"Unter den Eichen 6, 15741 Bestensee",BESTE6,52.2225,13.6025,female,adult,Mus musculus,2017,11/09/17,12/09/17,German,FALSE,12.85,71.94,73.96,0.05,NA,NA,NA,NA,NA,NA,NA,0,0,0.28
AA_0260,HZ_BR,Germany,"Unter den Eichen 6, 15741 Bestensee",BESTE6,52.2225,13.6025,female,adult,Mus musculus,2017,11/09/17,12/09/17,German,FALSE,17.82,83.01,79.18,0.07,NA,NA,NA,NA,NA,NA,NA,0,0,0.34
AA_0261,HZ_BR,Germany,Marienhof 6 15741 Bestensee,MARIE,52.2458,13.5994,male,adult,Mus musculus,2017,11/09/17,12/09/17,German,FALSE,11.69,72,71.17,0.02,0.0221,0.0242,0.0031,NA,NA,NA,NA,NA,NA,0.43
AA_0262,HZ_BR,Germany,Marienhof 6 15741 Bestensee,MARIE,52.2458,13.5994,female,adult,Mus musculus,2017,11/09/17,12/09/17,German,TRUE,21.39,87.56,83.37,0.08,NA,NA,NA,NA,NA,NA,NA,0,0,0.2
AA_0263,HZ_BR,Germany,Marienhof 6 15741 Bestensee,MARIE,52.2458,13.5994,female,pregnant,Mus musculus,2017,11/09/17,12/09/17,German,FALSE,27.83,83.43,80.67,0.03,NA,NA,NA,NA,NA,NA,NA,5,2,0.27
AA_0264,HZ_BR,Germany,Erkner Kinderbauernhof,ERKNKI,52.3989,13.7581,female,adult,Mus musculus,2017,11/09/17,12/09/17,German,FALSE,18.98,82.8,75.69,0.03,NA,NA,NA,NA,NA,NA,NA,0,0,0.19
AA_0265,HZ_BR,Germany,Walter-rathenau strasse 14 Neu Zittenau,NA,52.384336,13.760233,male,young,Mus musculus,2017,11/09/17,12/09/17,German,FALSE,8.33,63.74,63.49,0.02,NA,NA,NA,NA,NA,NA,NA,NA,NA,0.13
AA_0266,HZ_BR,Germany,"Pflasterstraße 8, 16269 Wriezen",NA,52.6788854,14.0506342,NA,adult,Mus musculus,2017,11/09/17,12/09/17,Czech,NA,14.7,79.68,78.32,NA,NA,NA,NA,NA,NA,NA,NA,NA,NA,NA
AA_0267,HZ_BR,Germany,Wildpark Schorfheide,SCHORFHOF,52.921731,13.547089,female,adult,Mus musculus,2017,11/09/17,12/09/17,German,FALSE,16.24,79.5,84.22,0.04,NA,NA,NA,NA,NA,NA,NA,0,0,NA
AA_0268,HZ_BR,Germany,Dorfanger 7 15754 Heidesee,NA,52.242473,13.70713,male,adult,Mus musculus,2017,12/09/17,13/09/17,Czech,TRUE,17.83,82,80.27,0.0847,0.0646,0.0703,0.0238,145,NA,NA,NA,NA,NA,0.75
AA_0269,HZ_BR,Germany,Alt-Gielsdorf 68 15345 Alt-Landsberg,GIEL68,52.6053,13.8756,male,adult,Mus musculus,2017,12/09/17,13/09/17,Czech,FALSE,9.62,69.25,72.22,0.03,0.0349,0.0393,5,NA,NA,NA,NA,NA,NA,0.09
AA_0270,HZ_BR,Germany,Dorfanger 7 15754 Heidesee,NA,52.242473,13.70713,female,pregnant,Mus musculus,2017,12/09/17,13/09/17,Czech,TRUE,18.38,83.31,77.16,0.0493,NA,NA,NA,NA,NA,NA,NA,3,5,1.12
AA_0271,HZ_BR,Germany,Reiterhof Böse,NA,52.896941,13.535213,female,adult,Mus musculus,2017,12/09/17,13/09/17,Czech,FALSE,25.42,98.5,95.6,0.0534,NA,NA,NA,NA,0.0074,0.0075,0.0149,0,0,0.28
AA_0272,HZ_BR,Germany,Reiterhof Böse,NA,52.896941,13.535213,male,adult,Mus musculus,2017,12/09/17,13/09/17,Czech,FALSE,11.02,69.54,76.51,0.0239,0.0368,0.0375,0.0284,NA,NA,NA,NA,NA,NA,0.14
AA_0273,HZ_BR,Germany,Reiterhof Böse,NA,52.896941,13.535213,male,adult,Mus musculus,2017,12/09/17,13/09/17,Czech,FALSE,6.55,58.02,63.87,0.0129,0.0086,0.0071,NA,NA,NA,NA,NA,NA,NA,0.31
AA_0274,HZ_BR,Germany,Alt-Gielsdorf 68 15345 Alt-Landsberg,GIEL68,52.6053,13.8756,female,pregnant,Mus musculus,2017,12/09/17,13/09/17,Czech,TRUE,18.93,81.23,66.75,0.0723,NA,NA,NA,NA,NA,NA,NA,0 + 1 residual,3,0.28
AA_0275,HZ_BR,Germany,Alt-Gielsdorf 68 15345 Alt-Landsberg,GIEL68,52.6053,13.8756,female,adult,Mus musculus,2017,12/09/17,13/09/17,Czech,FALSE,12.25,76.65,73.81,0.0464,0.0026,0.0026,0.0052,NA,NA,NA,NA,0,0,0.13
AA_0276,HZ_BR,Germany,Reiterhof Böse,NA,52.896941,13.535213,male,adult,Mus musculus,2017,12/09/17,13/09/17,Czech,FALSE,24.1,92.89,105,0.0316,0.0925,0.0936,0.0371,0.1641,NA,NA,NA,NA,NA,0.21
AA_0277,HZ_BR,Germany,Wildpark Schorfheide,SCHORFHOF,52.921731,13.547089,male,adult,Mus musculus,2017,12/09/17,13/09/17,Czech,FALSE,14.24,79.54,84.24,0.0203,0.0705,0.0563,0.0166,0.0638,NA,NA,NA,NA,NA,0.22
AA_0278,HZ_BR,Germany,Reiterhof Böse,NA,52.896941,13.535213,female,young,Mus musculus,2017,12/09/17,13/09/17,Czech,FALSE,9.21,66.98,75,0.0176,NA,NA,NA,NA,0.0013,0.0011,0.0024,0,0,0.08
AA_0279,HZ_BR,Germany,Alt-Gielsdorf 68 15345 Alt-Landsberg,GIEL68,52.6053,13.8756,female,adult,Mus musculus,2017,12/09/17,13/09/17,Czech,FALSE,15.43,75.78,def,0.0273,0.1122,0.11,0.0202,0.0957,NA,NA,NA,0,0,0.35
AA_0280,HZ_BR,Germany,Alt-Gielsdorf 68 15345 Alt-Landsberg,GIEL68,52.6053,13.8756,female,young,Mus musculus,2017,12/09/17,13/09/17,Czech,FALSE,7.45,63.95,67.4,0.0219,NA,NA,NA,NA,NA,NA,NA,0,0,0.07
AA_0281,HZ_BR,Germany,Wildpark Schorfheide,SCHORFHOF,52.921731,13.547089,male,young,Mus musculus,2017,12/09/17,13/09/17,Czech,FALSE,11.39,74.14,74.14,0.0187,0.0248,0.0265,0.0065,NA,NA,NA,NA,NA,NA,0.19
AA_0282,HZ_BR,Germany,Wildpark Schorfheide,SCHORFHOF,52.921731,13.547089,male,adult,Mus musculus,2017,12/09/17,13/09/17,Czech,FALSE,9.57,66.58,72.23,0.0128,0.0234,0.0235,NA,NA,NA,NA,NA,NA,NA,0.21
AA_0283,HZ_BR,Germany,Wildpark Schorfheide,SCHORFHOF,52.921731,13.547089,female,adult,Mus musculus,2017,12/09/17,13/09/17,German,FALSE,16.45,77.02,77.01,0.2,NA,NA,NA,NA,NA,NA,NA,0,0,0.19
AA_0284,HZ_BR,Germany,Wildpark Schorfheide,SCHORFHOF,52.921731,13.547089,female,adult,Mus musculus,2017,12/09/17,13/09/17,German,FALSE,21.51,84.53,85.33,0.05,NA,NA,NA,NA,NA,NA,NA,0,0,0.05
AA_0285,HZ_BR,Germany,Wildpark Schorfheide,SCHORFHOF,52.921731,13.547089,male,young,Mus musculus,2017,12/09/17,13/09/17,German,FALSE,10.04,66.99,70.05,0.01,NA,NA,NA,NA,NA,NA,NA,NA,NA,0.08
AA_0286,HZ_BR,Germany,"Kiefernweg 8, 15537 Gosen-Neu Zittau, Germany",NA,52.374656,13.777103,NA,adult,Mus musculus,2017,12/09/17,13/09/17,German,FALSE,11.87,71.15,79.27,<0.01,NA,NA,NA,NA,NA,NA,NA,NA,NA,0.08
AA_0287,HZ_BR,Germany,Alt-Gielsdorf 68 15345 Alt-Landsberg,GIEL68,52.6053,13.8756,male,young,Mus musculus,2017,12/09/17,13/09/17,German,FALSE,7.89,65.91,60.55,0.2,NA,NA,NA,NA,NA,NA,NA,NA,NA,NA
AA_0288,HZ_BR,Germany,Alt-Gielsdorf 68 15345 Alt-Landsberg,GIEL68,52.6053,13.8756,male,young,Mus musculus,2017,12/09/17,13/09/17,German,TRUE,7.01,62.14,60.69,0.1,NA,NA,NA,NA,NA,NA,NA,NA,NA,0.26
AA_0289,HZ_BR,Germany,Alt-Gielsdorf 68 15345 Alt-Landsberg,GIEL68,52.6053,13.8756,male,adult,Mus musculus,2017,12/09/17,13/09/17,German,FALSE,8.82,63.95,59.64,0.03,18,19,6,NA,NA,NA,NA,NA,NA,0.08
AA_0290,HZ_BR,Germany,Alt-Gielsdorf 68 15345 Alt-Landsberg,GIEL68,52.6053,13.8756,female,adult,Mus musculus,2017,12/09/17,13/09/17,German,TRUE,15.34,82.63,73.52,0.06,NA,NA,NA,NA,NA,NA,NA,0,0,0.18
AA_0291,HZ_BR,Germany,Wildpark Schorfheide,SCHORFHOF,52.921731,13.547089,NA,adult,Mus musculus,2017,12/09/17,13/09/17,German,FALSE,13.94,73.79,75.48,0.02,NA,NA,NA,NA,NA,NA,NA,NA,NA,0.34
AA_0292,HZ_BR,Germany,Wildpark Schorfheide,SCHORFHOF,52.921731,13.547089,female,adult,Mus musculus,2017,12/09/17,13/09/17,German,FALSE,15.55,74.77,80.31,0.02,NA,NA,NA,NA,NA,NA,NA,0,0,NA
AA_0293,HZ_BR,Germany,Berkenlatten,NA,53.1406,13.7586,NA,adult,Mus musculus,2017,13/09/17,13/09/17,Czech,FALSE,13.69,74.77,74.66,NA,NA,NA,NA,NA,NA,NA,NA,NA,NA,NA
AA_0294,HZ_BR,Germany,"Croustillier 17, 16259 oderage",NA,52.791376,14.116181,male,young,Mus musculus,2017,13/09/17,13/09/17,Czech,FALSE,3.96,53.98,50.98,NA,NA,NA,NA,NA,NA,NA,NA,NA,NA,NA
AA_0295,HZ_BR,Germany,"Croustillier 17, 16259 oderage",NA,52.791376,14.116181,male,adult,Mus musculus,2017,13/09/17,14/09/17,Czech,FALSE,16.24,82.04,69.37,NA,NA,NA,NA,NA,NA,NA,NA,NA,NA,0.06
AA_0296,HZ_BR,Germany,Alt Gaul 26b 16269 Wriezen florian köhler,NA,52.738064,14.095413,male,adult,Mus musculus,2017,13/09/17,14/09/17,Czech,FALSE,14.62,77.35,68.87,0.0288,0.0651,0.0633,0.0156,0.0887,NA,NA,NA,NA,NA,0.91
AA_0297,HZ_BR,Germany,"Croustillier 17, 16259 oderage",NA,52.791376,14.116181,female,pregnant,Mus musculus,2017,13/09/17,14/09/17,Czech,FALSE,17.74,82.33,79.2,0.0316,NA,NA,NA,NA,NA,NA,NA,3,3,0.39
AA_0298,HZ_BR,Germany,Alt Gaul 26b 16269 Wriezen florian köhler,NA,52.738064,14.095413,female,young,Mus musculus,2017,13/09/17,14/09/17,Czech,FALSE,9.58,69.5,70.3,0.0235,NA,NA,NA,NA,0.0015,0.0013,0.0028,0,0,0.13
AA_0299,HZ_BR,Germany,Alt Gaul 26b 16269 Wriezen florian köhler,NA,52.738064,14.095413,male,adult,Mus musculus,2017,13/09/17,14/09/17,Czech,FALSE,16.97,85.87,84.22,48,0.0977,0.0942,25,0.1304,NA,NA,NA,NA,NA,0.45
AA_0300,HZ_BR,Germany,"Croustillier 17, 16259 oderage",NA,52.791376,14.116181,female,adult,Mus musculus,2017,13/09/17,14/09/17,Czech,FALSE,17.23,86.84,81.97,0.0684,NA,NA,NA,NA,0.0066,6,0.0126,4,2,0.24
AA_0301,HZ_BR,Germany,Alt Gaul 26b 16269 Wriezen florian köhler,NA,52.738064,14.095413,female,post partum,Mus musculus,2017,13/09/17,14/09/17,Czech,FALSE,18.7,89.5,80.82,0.0323,NA,NA,NA,NA,0.0058,0.0064,0.0122,0,0,0.6
AA_0302,HZ_BR,Germany,Reitsport Münchehofe Minderhofer strasse,NA,52.496944,13.677066,male,adult,Mus musculus,2017,13/09/17,14/09/17,Czech,FALSE,17.9,84.25,96.58,0.0205,0.0789,82,0.0262,0.2137,NA,NA,NA,NA,NA,0.43
AA_0303,HZ_BR,Germany,Pferdefreunde klein-schauen alte-dorfstrasse 31 15859 stokow,NA,52.242982,13.867386,male,adult,Mus musculus,2017,13/09/17,14/09/17,Czech,FALSE,18.92,83.28,91.96,0.0528,0.0506,0.0538,0.0194,232,NA,NA,NA,NA,NA,0.04
AA_0304,HZ_BR,Germany,Reitsport Münchehofe Minderhofer strasse,NA,52.496944,13.677066,female,pregnant,Mus musculus,2017,13/09/17,14/09/17,Czech,FALSE,15.58,82.08,81.92,0.0258,NA,NA,NA,NA,NA,NA,NA,2,1,0.69
AA_0305,HZ_BR,Germany,Reiterhof Böse,NA,52.896941,13.535213,female,young,Mus musculus,2017,13/09/17,14/09/17,Czech,FALSE,7.07,57.55,66.71,0.0135,NA,NA,NA,NA,NA,NA,NA,0,0,NA
AA_0306,HZ_BR,Germany,Pferdefreunde klein-schauen alte-dorfstrasse 31 15859 stokow,NA,52.242982,13.867386,male,adult,Mus musculus,2017,13/09/17,14/09/17,Czech,FALSE,12.79,73.74,82.9,0.0274,0.0322,0.0334,0.0042,NA,NA,NA,NA,NA,NA,0.46
AA_0307,HZ_BR,Germany,Pferdefreunde klein-schauen alte-dorfstrasse 31 15859 stokow,NA,52.242982,13.867386,female,pregnant,Mus musculus,2017,13/09/17,14/09/17,Czech,FALSE,16.75,78.75,85.58,368,NA,NA,NA,NA,NA,NA,NA,2,5,0.56
AA_0308,HZ_BR,Germany,Pferdefreunde klein-schauen alte-dorfstrasse 31 15859 stokow,NA,52.242982,13.867386,male,adult,Mus musculus,2017,13/09/17,14/09/17,Czech,FALSE,14.44,75.23,82.77,0.0395,0.0358,0.0424,0.0112,19,NA,NA,NA,NA,NA,0.52
AA_0309,HZ_BR,Germany,Pferdefreunde klein-schauen alte-dorfstrasse 31 15859 stokow,NA,52.242982,13.867386,female,adult,Mus musculus,2017,13/09/17,14/09/17,Czech,FALSE,15.87,83.14,89.49,0.0544,NA,NA,NA,NA,0.0049,4,NA,0,0,0.06
AA_0310,HZ_BR,Germany,Alt Gaul 26b 16269 Wriezen florian köhler,NA,52.738064,14.095413,female,young,Mus musculus,2017,13/09/17,14/09/17,German,FALSE,7.75,60.4,56.93,0.01,NA,NA,NA,NA,NA,NA,NA,0,0,0.07
AA_0311,HZ_BR,Germany,Alt Gaul 26b 16269 Wriezen florian köhler,NA,52.738064,14.095413,female,adult,Mus musculus,2017,13/09/17,14/09/17,German,FALSE,14.12,77.78,73.49,0.03,NA,NA,NA,NA,NA,NA,NA,0,0,0.29
AA_0312,HZ_BR,Germany,Alt Gaul 26b 16269 Wriezen florian köhler,NA,52.738064,14.095413,female,adult,Mus musculus,2017,13/09/17,14/09/17,German,TRUE,19.84,78.14,68.08,0.07,NA,NA,NA,NA,NA,NA,NA,0,0,0.45
AA_0313,HZ_BR,Germany,Reitsport Münchehofe Minderhofer strasse,NA,52.496944,13.677066,female,pregnant,Mus musculus,2017,13/09/17,14/09/17,German,FALSE,16.43,87.56,85.8,0.02,NA,NA,NA,NA,NA,NA,NA,0,0,0.16
AA_0314,HZ_BR,Germany,Pferdefreunde klein-schauen alte-dorfstrasse 31 15859 stokow,NA,52.242982,13.867386,male,adult,Mus musculus,2017,13/09/17,14/09/17,German,FALSE,13.68,66.99,83.2,28,83,86,26,45,NA,NA,NA,NA,NA,0.12
AA_0315,HZ_BR,Germany,Reitsport Münchehofe Minderhofer strasse,NA,52.496944,13.677066,female,pregnant,Mus musculus,2017,13/09/17,14/09/17,German,FALSE,18.73,80.01,82.41,0.02,NA,NA,NA,NA,NA,NA,NA,0,5,0.79
AA_0316,HZ_BR,Germany,"Croustillier 17, 16259 oderage",NA,52.791376,14.116181,male,adult,Mus musculus,2017,13/09/17,14/09/17,German,FALSE,10.59,69.08,62.84,0.02,NA,NA,NA,NA,NA,NA,NA,NA,NA,0.31
AA_0317,HZ_BR,Germany,Pferdefreunde klein-schauen alte-dorfstrasse 31 15859 stokow,NA,52.242982,13.867386,male,adult,Mus musculus,2017,13/09/17,14/09/17,German,FALSE,17.55,82.54,84.4,0.03,0.1097,0.1111,0.0263,0.1048,NA,NA,NA,NA,NA,0.49
AA_0318,HZ_BR,Germany,"Croustillier 17, 16259 oderage",NA,52.791376,14.116181,female,adult,Mus musculus,2017,13/09/17,14/09/17,German,TRUE,16.05,82.77,72.63,0.04,NA,NA,NA,NA,NA,NA,NA,0,0,0.19
AA_0319,HZ_BR,Germany,dubener hauptstrasse 24,NA,51.897811,13.809616,female,adult,Mus musculus,2017,13/09/17,14/09/17,German,TRUE,14.2,73.41,74.28,0.02,NA,NA,NA,NA,NA,NA,NA,0,0,0.84
AA_0320,HZ_BR,Germany,dubener hauptstrasse 24,NA,51.897811,13.809616,male,adult,Mus musculus,2017,13/09/17,14/09/17,Czech,FALSE,16.37,79.23,84.3,0.0509,0.0702,0.0702,0.0237,0.1369,NA,NA,NA,NA,NA,0.74
AA_0321,HZ_BR,Germany,Dorretenhof Gut Doretenhof 2/3,NA,53.111991,13.462134,male,BA,Mus musculus,2017,14/09/17,15/09/17,Czech,FALSE,9.42,69.59,65.19,0.0335,0.0516,0.0518,0.0139,0.0221,NA,NA,NA,NA,NA,0.41
AA_0322,HZ_BR,Germany,Spreehagenstr. 1 15754 Heidesee,NA,52.269419,13.834069,male,adult,Mus musculus,2017,14/09/17,15/09/17,Czech,FALSE,16.85,77.72,87.97,0.0291,0.0945,0.0965,0.0142,0.0436,NA,NA,NA,NA,NA,0.6
AA_0323,HZ_BR,Germany,Dorretenhof Gut Doretenhof 2/3,NA,53.111991,13.462134,female,adult,Mus musculus,2017,14/09/17,15/09/17,Czech,FALSE,8.1,69.25,60.8,0.0137,NA,NA,NA,NA,1,0.0016,0.0026,0,0,0.75
AA_0324,HZ_BR,Germany,Dorretenhof Gut Doretenhof 2/3,NA,53.111991,13.462134,female,pregnant,Mus musculus,2017,14/09/17,15/09/17,Czech,FALSE,15.54,81.92,73.32,24,NA,NA,NA,NA,NA,NA,NA,2,4,0.33
AA_0325,HZ_BR,Germany,Dorfstrasse 84 Storkow,STORK84,53.049615,13.440793,male,NA,Mus musculus,2017,14/09/17,15/09/17,Czech,FALSE,14.71,79.52,73.51,0.0651,0.0656,0.0652,0.0137,0.0321,NA,NA,NA,NA,NA,0.29
AA_0326,HZ_BR,Germany,JOACHIM3,NA,53.12478,13.459395,male,NA,Mus musculus,2017,14/09/17,15/09/17,Czech,TRUE,12.71,75.86,75.86,0.0459,0.0547,0.0564,13,0.0741,NA,NA,NA,NA,NA,0.51
AA_0327,HZ_BR,Germany,Dorfstrasse 84 Storkow,STORK84,53.049615,13.440793,female,NA,Mus musculus,2017,14/09/17,15/09/17,Czech,FALSE,17.17,84.8,75.82,0.0416,NA,NA,NA,NA,0.0043,0.0039,0.0082,0,0,0.12
AA_0328,HZ_BR,Germany,Dorfstrasse 84 Storkow,STORK84,53.049615,13.440793,female,young,Mus musculus,2017,14/09/17,15/09/17,Czech,FALSE,7.65,64.2,68.05,19,NA,NA,NA,NA,NA,NA,NA,0,0,0.05
AA_0329,HZ_BR,Germany,Haus am See 23 Briesensee,NA,51.960206,14.01867,male,NA,Mus musculus,2017,14/09/17,15/09/17,Czech,FALSE,16.09,80.24,80.38,0.0206,0.0603,0.0618,0.0178,0.0869,NA,NA,NA,NA,NA,0.61
AA_0330,HZ_BR,Germany,Alt-Ruhlsdorf strasse 14 15344 Straussberg,NA,52.569492,13.99056,male,NA,Mus musculus,2017,14/09/17,15/09/17,Czech,FALSE,15.75,82.68,77.85,0.0206,62,0.0641,0.0185,0.1134,NA,NA,NA,NA,NA,0.19
AA_0331,HZ_BR,Germany,TEMP1,NA,53.115344,13.478184,female,NA,Mus musculus,2017,14/09/17,15/09/17,Czech,FALSE,16.77,80.89,75.87,36,NA,NA,NA,NA,45,6,0.0105,0,0,0.12
AA_0332,HZ_BR,Germany,TEMP1,NA,53.115344,13.478184,female,post partum (lactating),Mus musculus,2017,14/09/17,15/09/17,Czech,FALSE,16.89,82.56,76.29,0.0306,NA,NA,NA,NA,0.0032,0.0041,NA,0,0,0.4
AA_0333,HZ_BR,Germany,TEMP1,NA,53.115344,13.478184,male,NA,Mus musculus,2017,14/09/17,15/09/17,Czech,FALSE,17.87,82.12,76.82,0.0885,0.0528,0.05,0.0185,0.0938,NA,NA,NA,NA,NA,0.46
AA_0334,HZ_BR,Germany,Hauptstrasse 58 15345 Harnedorf,NA,52.682556,14.007385,male,NA,Mus musculus,2017,14/09/17,15/09/17,Czech,FALSE,12.16,73.26,68.44,0.0209,0.0718,0.0748,0.0173,0.1107,NA,NA,NA,NA,NA,0.05
AA_0335,HZ_BR,Germany,Waldstrasse 1,NA,51.974531,14.054357,female,NA,Mus musculus,2017,14/09/17,15/09/17,Czech,TRUE,13.65,76.7,71.65,0.0297,NA,NA,NA,NA,0.0027,0.0029,0.0056,0,0,0.51
AA_0336,HZ_BR,Germany,TEMP1,NA,53.115344,13.478184,male,young,Mus musculus,2017,14/09/17,15/09/17,Czech,FALSE,5.26,55.3,53.09,0.0103,NA,NA,NA,NA,NA,NA,NA,NA,NA,0.08
AA_0337,HZ_BR,Germany,Alte Heerstrasse 39,NA,52.7667,14.0817,female,post partum,Mus musculus,2017,14/09/17,15/09/17,Czech,FALSE,14.58,81.18,73.78,21,NA,NA,NA,NA,0.0033,0.0039,0.0072,0,0,0.6
AA_0338,HZ_BR,Germany,Spreehagenstr. 1 15754 Heidesee,NA,52.269419,13.834069,male,NA,Mus musculus,2017,14/09/17,15/09/17,Czech,FALSE,17.49,82.87,90.18,0.0371,0.0827,0.0852,0.0257,148,NA,NA,NA,NA,NA,0.75
AA_0339,HZ_BR,Germany,JOACHIM3,NA,53.12478,13.459395,male,NA,Mus musculus,2017,14/09/17,15/09/17,Czech,FALSE,17.63,84.42,81.46,0.0524,0.0579,0.0617,0.0226,0.1852,NA,NA,NA,NA,NA,0.21
AA_0340,HZ_BR,Germany,JOACHIM3,NA,53.12478,13.459395,female,pregnant,Mus musculus,2017,14/09/17,15/09/17,Czech,FALSE,22.19,80.3,73.83,0.0231,NA,NA,NA,NA,NA,NA,NA,3,2,0.13
AA_0341,HZ_BR,Germany,Lychenerstrasse 28 17268 templin,NA,53.127386,13.486372,female,NA,Mus musculus,2017,14/09/17,15/09/17,Czech,FALSE,15.8,80.13,63.74,0.0334,NA,NA,NA,NA,0.0046,0.0039,NA,0,0,0.54
AA_0342,HZ_BR,Germany,JOACHIM3,NA,53.12478,13.459395,female,pregnant,Mus musculus,2017,14/09/17,15/09/17,Czech,FALSE,17.21,78.79,76.52,36,NA,NA,NA,NA,NA,NA,NA,1,2,0.1
AA_0343,HZ_BR,Germany,Haus am See 23 Briesensee,NA,51.960206,14.01867,female,NA,Mus musculus,2017,14/09/17,15/09/17,Czech,FALSE,14.79,80.06,73.72,0.0414,NA,NA,NA,NA,0.0042,0.0064,0.0106,0,0,0.13
AA_0344,HZ_BR,Germany,Dorfstrasse 84 Storkow,STORK84,53.049615,13.440793,female,NA,Mus musculus,2017,14/09/17,15/09/17,German,TRUE,17.24,87.46,73.57,0.06,NA,NA,NA,NA,NA,NA,NA,0,0,0.38
AA_0345,HZ_BR,Germany,Dorfstrasse 84 Storkow,STORK84,53.049615,13.440793,male,young,Mus musculus,2017,14/09/17,15/09/17,German,FALSE,9.25,64.07,58.32,0.03,NA,NA,NA,NA,NA,NA,NA,NA,NA,0.09
AA_0346,HZ_BR,Germany,Dorfstrasse 84 Storkow,STORK84,53.049615,13.440793,female,NA,Mus musculus,2017,14/09/17,15/09/17,German,FALSE,19.29,86.1,77.13,0.05,NA,NA,NA,NA,NA,NA,NA,0,0,0.73
AA_0347,HZ_BR,Germany,Dorfstrasse 84 Storkow,STORK84,53.049615,13.440793,male,young,Mus musculus,2017,14/09/17,15/09/17,German,FALSE,6.77,64.54,59.54,0.02,NA,NA,NA,NA,NA,NA,NA,NA,NA,0.04
AA_0348,HZ_BR,Germany,Dorfstrasse 84 Storkow,STORK84,53.049615,13.440793,male,NA,Mus musculus,2017,14/09/17,15/09/17,German,FALSE,17.49,77.47,67.8,0.07,NA,NA,NA,NA,NA,NA,NA,NA,NA,0.04
AA_0349,HZ_BR,Germany,Dorfstrasse 84 Storkow,STORK84,53.049615,13.440793,female,NA,Mus musculus,2017,14/09/17,15/09/17,German,FALSE,18.27,90.95,73.72,0.03,NA,NA,NA,NA,NA,NA,NA,0,0,2 mice same cage ^!! 0.49
AA_0350,HZ_BR,Germany,Dorfstrasse 84 Storkow,STORK84,53.049615,13.440793,male,NA,Mus musculus,2017,14/09/17,15/09/17,German,TRUE,17.18,80.78,71.76,0.05,0.0651,0.0662,0.0176,54,NA,NA,NA,NA,NA,0.45
AA_0351,HZ_BR,Germany,Dorfstrasse 84 Storkow,STORK84,53.049615,13.440793,female,NA,Mus musculus,2017,14/09/17,15/09/17,German,FALSE,20.27,94.9,77.88,0.2,NA,NA,NA,NA,NA,NA,NA,0,0,0.14
AA_0352,HZ_BR,Germany,Dorfstrasse 84 Storkow,STORK84,53.049615,13.440793,male,NA,Mus musculus,2017,14/09/17,15/09/17,German,TRUE,16.56,79.77,70.3,0.04,0.07,77,17,91,NA,NA,NA,NA,NA,1.24
AA_0353,HZ_BR,Germany,Dorfstrasse 84 Storkow,STORK84,53.049615,13.440793,female,NA,Mus musculus,2017,14/09/17,15/09/17,German,FALSE,18.85,86.95,77.48,0.04,NA,NA,NA,NA,NA,NA,NA,0,0,0.58
AA_0354,HZ_BR,Germany,Dorfstrasse 84 Storkow,STORK84,53.049615,13.440793,female,young,Mus musculus,2017,14/09/17,15/09/17,German,TRUE,7.22,61.21,59.6,0.03,NA,NA,NA,NA,NA,NA,NA,0,0,0.08
AA_0355,HZ_BR,Germany,Dorfstrasse 84 Storkow,STORK84,53.049615,13.440793,female,NA,Mus musculus,2017,14/09/17,15/09/17,German,FALSE,20.09,85.06,79.03,0.16,NA,NA,NA,NA,NA,NA,NA,0,0,0.41
AA_0356,HZ_BR,Germany,JOACHIM3,NA,53.12478,13.459395,female,young,Mus musculus,2017,14/09/17,15/09/17,German,FALSE,7.75,60.66,53.39,0.01,NA,NA,NA,NA,NA,NA,NA,0,0,0.16
AA_0357,HZ_BR,Germany,Dorfstrasse 84 Storkow,STORK84,53.049615,13.440793,female,NA,Mus musculus,2017,14/09/17,15/09/17,German,FALSE,10.83,69.37,63.34,0.07,NA,NA,NA,NA,NA,NA,NA,0,0,NA
AA_0358,HZ_BR,Germany,Dorfstrasse 84 Storkow,STORK84,53.049615,13.440793,female,pregnant,Mus musculus,2017,14/09/17,15/09/17,German,TRUE,26.7,89.31,73.95,0.09,NA,NA,NA,NA,NA,NA,NA,0,0,0.05
AA_0359,HZ_BR,Germany,Lychenerstrasse 28 17268 templin,NA,53.127386,13.486372,male,young,Mus musculus,2017,14/09/17,15/09/17,German,FALSE,9.97,68.21,53.64,0.02,NA,NA,NA,NA,NA,NA,NA,NA,NA,0.44
AA_0360,HZ_BR,Germany,Dorfstrasse 84 Storkow,STORK84,53.049615,13.440793,NA,NA,Mus musculus,2017,14/09/17,15/09/17,German,FALSE,10.9,70.26,68.28,0.01,NA,NA,NA,NA,NA,NA,NA,NA,NA,NA
AA_0361,HZ_BR,Germany,Lychenerstrasse 28 17268 templin,NA,53.127386,13.486372,male,NA,Mus musculus,2017,15/09/17,15/09/17,Czech,FALSE,19.62,86.14,86.12,0.0601,0.0693,0.0739,0.0247,0.1498,NA,NA,NA,NA,NA,NA
AA_0362,HZ_BR,Germany,Guhlener dorfstrasse 29 15913 Schwielochser,NA,52.01705,14.144171,male,NA,Mus musculus,2017,15/09/17,15/09/17,Czech,FALSE,15.11,82.76,78.55,NA,NA,NA,NA,NA,NA,NA,NA,NA,NA,NA
AA_0363,HZ_BR,Germany,Berghof 2 15859 Rieplos (Storkow) agrarunternehmer,NA,52.276343,13.897624,male,NA,Mus musculus,2017,15/09/17,15/09/17,Czech,FALSE,14.29,74.15,Def,NA,NA,NA,NA,NA,NA,NA,NA,NA,NA,NA
AA_0364,HZ_BR,Germany,Berghof 2 15859 Rieplos (Storkow) agrarunternehmer,NA,52.276343,13.897624,female,NA,Mus musculus,2017,15/09/17,15/09/17,Czech,FALSE,18.4,85.41,89.2,NA,NA,NA,NA,NA,NA,NA,NA,0,0,NA
AA_0365,HZ_BR,Germany,Birkenweg 16 16259 Dannenberg,NA,52.771519,13.957859,male,adult,Mus musculus,2017,15/09/17,16/09/17,Czech,FALSE,13.12,73.7,70.01,0.0306,0.0472,0.0528,0.0116,0.0412,NA,NA,NA,NA,NA,0.08
AA_0366,HZ_BR,Germany,Lychenerstrasse 28 17268 templin,NA,53.127386,13.486372,male,adult,Mus musculus,2017,15/09/17,16/09/17,Czech,FALSE,11.88,71.9,68.31,0.0187,0.0694,0.0726,0.0105,0.0047,NA,NA,NA,NA,NA,0.33
AA_0367,HZ_BR,Germany,Birkenweg 16 16259 Dannenberg,NA,52.771519,13.957859,female,post partum,Mus musculus,2017,15/09/17,16/09/17,Czech,FALSE,15.87,82.73,73.19,0.0567,NA,NA,NA,NA,0.0043,0.0061,0.0104,0,0,0.06
AA_0368,HZ_BR,Germany,Lychenerstrasse 28 17268 templin,NA,53.127386,13.486372,female,adult,Mus musculus,2017,15/09/17,16/09/17,Czech,FALSE,16.53,88.37,74.11,0.0476,NA,NA,NA,NA,0.0064,0.0057,0.0121,0,0,0.51
AA_0369,HZ_BR,Germany,Lychenerstrasse 28 17268 templin,NA,53.127386,13.486372,male,adult,Mus musculus,2017,15/09/17,16/09/17,Czech,TRUE,17.97,84.51,74.11,0.0558,0.0658,0.0673,0.0147,0.0596,NA,NA,NA,NA,NA,0.75
AA_0370,HZ_BR,Germany,"Seeweg 6, 15859 Storkow (Mark), Germany",NA,52.209057,13.876947,female,pregnant,Mus musculus,2017,15/09/17,16/09/17,Czech,TRUE,20.34,84.42,83.35,147,NA,NA,NA,NA,NA,NA,NA,2,5,0.73
AA_0371,HZ_BR,Germany,Birkenweg 16 16259 Dannenberg,NA,52.771519,13.957859,female,adult,Mus musculus,2017,15/09/17,16/09/17,Czech,FALSE,13.96,74.4,72.8,0.0481,NA,NA,NA,NA,0.0019,0.0025,0.0044,0,0,0.29
AA_0372,HZ_BR,Germany,Lychenerstrasse 28 17268 templin,NA,53.127386,13.486372,female,adult,Mus musculus,2017,15/09/17,16/09/17,Czech,FALSE,12.91,76.76,71.6,0.0263,NA,NA,NA,NA,0.0024,0.0023,0.0047,0,0,0.03
AA_0373,HZ_BR,Germany,Rieplos berghof 2 15859 Rieplos (Storkow),NA,52.276343,13.897624,female,adult,Mus musculus,2017,15/09/17,16/09/17,Czech,FALSE,21.69,91.3,86.15,0.0287,NA,NA,NA,NA,0.0073,0.0105,0.0178,0,0,0.77
AA_0374,HZ_BR,Germany,Sawaller dorfstrasse 10 15848,NA,52.074772,14.180929,male,adult,Mus musculus,2017,15/09/17,16/09/17,Czech,FALSE,15.4,77.68,79.36,0.0246,0.0406,0.0419,0.0124,0.0725,NA,NA,NA,NA,NA,0.22
AA_0375,HZ_BR,Germany,Sawaller dorfstrasse 10 15848,NA,52.074772,14.180929,male,adult,Mus musculus,2017,15/09/17,16/09/17,Czech,FALSE,16.8,81.48,def,0.0305,46,48,0.0164,0.0861,NA,NA,NA,NA,NA,0.19
AA_0376,HZ_BR,Germany,Lychenerstrasse 28 17268 templin,NA,53.127386,13.486372,female,adult,Mus musculus,2017,15/09/17,16/09/17,Czech,FALSE,15.72,84.36,78.88,0.0319,NA,NA,NA,NA,0.0032,0.0042,0.0074,0,0,0.65
AA_0377,HZ_BR,Germany,Rieplos berghof 2 15859 Rieplos (Storkow),NA,52.276343,13.897624,female,pregnant,Mus musculus,2017,15/09/17,16/09/17,Czech,FALSE,22.69,88.89,79.37,0.0452,NA,NA,NA,NA,NA,NA,NA,4,5,0.36
AA_0378,HZ_BR,Germany,Rieplos berghof 2 15859 Rieplos (Storkow),NA,52.276343,13.897624,male,adult,Mus musculus,2017,15/09/17,16/09/17,Czech,FALSE,20.77,87.96,71.88,0.0456,0.0612,0.0623,0.0209,0.1232,NA,NA,NA,NA,NA,0.28
AA_0379,HZ_BR,Germany,Rieplos berghof 2 15859 Rieplos (Storkow),NA,52.276343,13.897624,male,adult,Mus musculus,2017,15/09/17,16/09/17,Czech,FALSE,16.54,80.22,76.33,0.0168,0.0621,0.0638,0.0133,0.0088,NA,NA,NA,NA,NA,0.01
AA_0380,HZ_BR,Germany,Lychenerstrasse 28 17268 templin,NA,53.127386,13.486372,female,adult,Mus musculus,2017,15/09/17,16/09/17,Czech,FALSE,16.27,83.7,78.01,0.0406,NA,NA,NA,NA,0.0021,0.0034,0.0055,0,0,0.2
AA_0381,HZ_BR,Germany,Rieplos berghof 2 15859 Rieplos (Storkow),NA,52.276343,13.897624,male,adult,Mus musculus,2017,15/09/17,16/09/17,Czech,FALSE,13.07,73.4,76.44,24,15,0.0162,0.0034,NA,NA,NA,NA,NA,NA,0.06
AA_0382,HZ_BR,Germany,Rieplos berghof 2 15859 Rieplos (Storkow),NA,52.276343,13.897624,female,adult,Mus musculus,2017,15/09/17,16/09/17,Czech,FALSE,24.14,92.59,81.16,0.0769,NA,NA,NA,NA,NA,NA,NA,0,0,0.92
AA_0383,HZ_BR,Germany,Rieplos berghof 2 15859 Rieplos (Storkow),NA,52.276343,13.897624,male,adult,Mus musculus,2017,15/09/17,16/09/17,Czech,FALSE,17.35,77.4,69.3,0.0267,0.0775,0.0785,0.0218,0.1403,NA,NA,NA,NA,NA,0.56
AA_0384,HZ_BR,Germany,Rieplos berghof 2 15859 Rieplos (Storkow),NA,52.276343,13.897624,female,pregnant,Mus musculus,2017,15/09/17,16/09/17,Czech,FALSE,16.61,79.55,74.26,0.0331,NA,NA,NA,NA,NA,NA,NA,4,1,0.33
AA_0385,HZ_BR,Germany,Rieplos berghof 2 15859 Rieplos (Storkow),NA,52.276343,13.897624,male,adult,Mus musculus,2017,15/09/17,16/09/17,Czech,FALSE,15.42,78.95,70.3,0.0356,72,0.0718,0.0147,0.0193,NA,NA,NA,NA,NA,0.29
AA_0386,HZ_BR,Germany,Rieplos berghof 2 15859 Rieplos (Storkow),NA,52.276343,13.897624,male,adult,Mus musculus,2017,15/09/17,16/09/17,Czech,FALSE,9.09,64.49,58.53,0.0118,0.0121,0.0081,NA,NA,NA,NA,NA,NA,NA,0.32
AA_0387,HZ_BR,Germany,Rieplos berghof 2 15859 Rieplos (Storkow),NA,52.276343,13.897624,female,pregnant,Mus musculus,2017,15/09/17,16/09/17,Czech,FALSE,18.33,80.84,86.96,0.0242,NA,NA,NA,NA,NA,NA,NA,5,5,0.78
AA_0388,HZ_BR,Germany,Sawaller dorfstrasse 10 15848,NA,52.074772,14.180929,male,adult,Mus musculus,2017,15/09/17,16/09/17,Czech,FALSE,16.03,81.28,76.11,0.0339,0.0417,0.0439,0.0168,0.0417,NA,NA,NA,NA,NA,0.05
AA_0389,HZ_BR,Germany,Guhlener dorfstrasse 29 15913 Schwielochser,NA,52.01705,14.144171,male,adult,Mus musculus,2017,15/09/17,16/09/17,Czech,FALSE,15.33,81.51,75.03,33,0.0594,0.0644,0.0209,0.1044,NA,NA,NA,NA,NA,0.25
AA_0390,HZ_BR,Germany,Rieplos berghof 2 15859 Rieplos (Storkow),NA,52.276343,13.897624,male,adult,Mus musculus,2017,15/09/17,16/09/17,Czech,FALSE,15.94,80.19,71.35,0.0252,0.0107,0.0113,NA,NA,NA,NA,NA,NA,NA,0.86
AA_0391,HZ_BR,Germany,Sawaller dorfstrasse 10 15848,NA,52.074772,14.180929,male,adult,Mus musculus,2017,15/09/17,16/09/17,Czech,FALSE,18.73,79.98,70.91,0.0321,0.0596,0.0637,0.0248,131,NA,NA,NA,NA,NA,0.92
AA_0392,HZ_BR,Germany,Guhlener dorfstrasse 29 15913 Schwielochser,NA,52.01705,14.144171,female,young,Mus musculus,2017,15/09/17,16/09/17,Czech,FALSE,10.94,71.93,68.93,0.0281,NA,NA,NA,NA,0.0021,0.0015,0.0036,0,0,0.06
AA_0393,HZ_BR,Germany,Guhlener dorfstrasse 29 15913 Schwielochser,NA,52.01705,14.144171,female,post partum,Mus musculus,2017,15/09/17,16/09/17,Czech,FALSE,19.03,85.09,75.59,49,NA,NA,NA,NA,NA,NA,NA,0,0,0.13
AA_0394,HZ_BR,Germany,Sawaller dorfstrasse 10 15848,NA,52.074772,14.180929,female,adult,Mus musculus,2017,15/09/17,16/09/17,Czech,FALSE,15.82,83.2,78.85,0.0275,NA,NA,NA,NA,3,0.0034,0.0064,0,0,0.6
AA_0395,HZ_BR,Germany,Guhlener dorfstrasse 29 15913 Schwielochser,NA,52.01705,14.144171,NA,adult,Mus musculus,2017,15/09/17,16/09/17,German,FALSE,7.98,62.51,58.21,0.01,NA,NA,NA,NA,NA,NA,NA,NA,NA,0.06
AA_0396,HZ_BR,Germany,Guhlener dorfstrasse 29 15913 Schwielochser,NA,52.01705,14.144171,female,adult,Mus musculus,2017,15/09/17,16/09/17,German,FALSE,13.89,77.14,71.84,0.05,NA,NA,NA,NA,NA,NA,NA,0,0,0.01
AA_0397,HZ_BR,Germany,Guhlener dorfstrasse 29 15913 Schwielochser,NA,52.01705,14.144171,male,adult,Mus musculus,2017,15/09/17,16/09/17,German,FALSE,9.09,65.73,58.12,0.03,NA,NA,NA,NA,NA,NA,NA,NA,NA,0.02
AA_0398,HZ_BR,Germany,Lychenerstrasse 28 17268 templin,NA,53.127386,13.486372,female,adult,Mus musculus,2017,15/09/17,16/09/17,German,FALSE,11.06,68.72,62.18,0.01,NA,NA,NA,NA,NA,NA,NA,0,0,0.18
AA_0399,HZ_BR,Germany,Guhlener dorfstrasse 29 15913 Schwielochser,NA,52.01705,14.144171,female,adult,Mus musculus,2017,15/09/17,16/09/17,German,TRUE,17.73,85.83,42.77,0.07,NA,NA,NA,NA,NA,NA,NA,0,0,0.28
AA_0400,HZ_BR,Germany,Beeskower strasse 6 ,NA,52.089399,14.173623,female,young,Mus musculus,2017,15/09/17,16/09/17,German,FALSE,8.63,64.55,47.5,0.01,NA,NA,NA,NA,NA,NA,NA,0,0,0.3
AA_0401,HZ_BR,Germany,Sawaller dorfstrasse 10 15848,NA,52.074772,14.180929,female,adult,Mus musculus,2017,15/09/17,16/09/17,German,TRUE,14.04,75.24,67.14,0.02,NA,NA,NA,NA,NA,NA,NA,0,0,0.27
AA_0402,HZ_BR,Germany,Sawaller dorfstrasse 10 15848,NA,52.074772,14.180929,female,adult,Mus musculus,2017,15/09/17,16/09/17,German,FALSE,20.85,83.73,88.63,0.06,NA,NA,NA,NA,NA,NA,NA,0,0,0.01
AA_0403,HZ_BR,Germany,Beeskower strasse 6 ,NA,52.089399,14.173623,male,adult,Mus musculus,2017,15/09/17,16/09/17,German,TRUE,16,77.24,77.13,0.03,0.0537,0.0532,0.0196,0.0738,NA,NA,NA,NA,NA,0.67
AA_0404,HZ_BR,Germany,Beeskower strasse 6 ,NA,52.089399,14.173623,female,young,Mus musculus,2017,15/09/17,16/09/17,German,FALSE,8.06,60.24,54.37,0.02,NA,NA,NA,NA,NA,NA,NA,0,0,0.63
AA_0405,HZ_BR,Germany,Sawaller dorfstrasse 10 15848,NA,52.074772,14.180929,male,adult,Mus musculus,2017,15/09/17,16/09/17,German,FALSE,10.22,67.59,67.95,0.01,NA,NA,NA,NA,NA,NA,NA,NA,NA,0.54
AA_0406,HZ_BR,Germany,Lychenerstrasse 28 17268 templin,NA,53.127386,13.486372,female,adult,Mus musculus,2017,15/09/17,16/09/17,German,FALSE,13.4,73.71,63.71,0.03,NA,NA,NA,NA,NA,NA,NA,0,0,0.31
AA_0407,HZ_BR,Germany,Guhlener dorfstrasse 29 15913 Schwielochser,NA,52.01705,14.144171,male,adult,Mus musculus,2017,15/09/17,16/09/17,German,FALSE,10.87,70.13,59.16,0.02,NA,NA,NA,NA,NA,NA,NA,NA,NA,0.35
AA_0408,HZ_BR,Germany,Guhlener dorfstrasse 29 15913 Schwielochser,NA,52.01705,14.144171,female,adult,Mus musculus,2017,15/09/17,16/09/17,German,FALSE,12.48,69.31,63.5,0.03,NA,NA,NA,NA,NA,NA,NA,0,0,0.39
AA_0409,HZ_BR,Germany,Sawaller dorfstrasse 10 15848,NA,52.074772,14.180929,female,adult,Mus musculus,2017,15/09/17,16/09/17,German,FALSE,12.98,67.4,69.74,0.03,NA,NA,NA,NA,NA,NA,NA,0,0,0.74
AA_0410,HZ_BR,Germany,Sawaller dorfstrasse 10 15848,NA,52.074772,14.180929,female,adult,Mus musculus,2017,15/09/17,16/09/17,German,FALSE,18.45,79.2,72.83,0.03,NA,NA,NA,NA,NA,NA,NA,0,0,0.18
AA_0411,HZ_BR,Germany,Rieplos berghof 2 15859 Rieplos (Storkow),NA,52.276343,13.897624,female,adult,Mus musculus,2017,15/09/17,16/09/17,German,FALSE,20.47,85.44,80.07,0.04,NA,NA,NA,NA,NA,NA,NA,0,0,0.88
AA_0412,HZ_BR,Germany,Sawaller dorfstrasse 10 15848,NA,52.074772,14.180929,female,pregnant,Mus musculus,2017,15/09/17,16/09/17,German,FALSE,22.85,86.27,76.94,0.06,NA,NA,NA,NA,NA,NA,NA,2,0,0.58
AA_0413,HZ_BR,Germany,Sawaller dorfstrasse 10 15848,NA,52.074772,14.180929,female,adult,Mus musculus,2017,15/09/17,16/09/17,German,TRUE,20.03,84.76,79.89,0.05,NA,NA,NA,NA,NA,NA,NA,0,0,0.16
AA_0414,HZ_BR,Germany,Rieplos berghof 2 15859 Rieplos (Storkow),NA,52.276343,13.897624,female,adult,Mus musculus,2017,15/09/17,16/09/17,German,FALSE,20.88,85.22,64.48,0.03,NA,NA,NA,NA,NA,NA,NA,0,0,1.06
AA_0415,HZ_BR,Germany,Sawaller dorfstrasse 10 15848,NA,52.074772,14.180929,female,young,Mus musculus,2017,15/09/2017,15/09/2017,Czech,FALSE,5.83,55.62,61.56,NA,NA,NA,NA,NA,NA,NA,NA,NA,NA,NA
AA_0416,HZ_BR,Germany,Beeskower strasse 6 ,NA,52.089399,14.173623,male,adult,Mus musculus,2017,15/09/2017,15/09/2017,Czech,FALSE,12.47,75.09,69.89,NA,NA,NA,NA,NA,NA,NA,NA,NA,NA,NA
AA_0417,HZ_BR,Germany,Grossbarmim 7 Neutmbbin (Ortsteil Alt-Barmim),NA,52.68668,14.277127,male,young,Mus musculus,2017,16/09/17,16/09/17,Czech,FALSE,8.44,66.83,70.97,NA,NA,NA,NA,NA,NA,NA,NA,NA,NA,NA
AA_0418,HZ_BR,Germany,Grossbarmim 7 Neutmbbin (Ortsteil Alt-Barmim),NA,52.68668,14.277127,male,adult,Mus musculus,2017,16/09/17,16/09/17,Czech,FALSE,14.04,73.11,81,NA,NA,NA,NA,NA,NA,NA,NA,NA,NA,NA
AA_0419,HZ_BR,Germany,Grossbarmim 7 Neutmbbin (Ortsteil Alt-Barmim),NA,52.68668,14.277127,female,young,Mus musculus,2017,16/09/17,16/09/17,Czech,FALSE,8.1,61.75,65.18,NA,NA,NA,NA,NA,NA,NA,NA,NA,NA,NA
AA_0420,HZ_BR,Germany,Kleinbarmim 28 15320 Alt-Barmim,NA,52.682267,14.272369,male,adult,Mus musculus,2017,16/09/17,16/09/17,Czech,FALSE,12.69,72.44,71.8,NA,NA,NA,NA,NA,NA,NA,NA,NA,NA,NA
AA_0421,HZ_BR,Germany,Pappelweg 5 Münchehofe,NA,52.493842,13.669169,male,adult,Mus musculus,2017,16/09/17,16/09/17,Czech,FALSE,15.92,77.13,88.98,NA,NA,NA,NA,NA,NA,NA,NA,NA,NA,NA
AA_0422,HZ_BR,Germany,Wriezenerstrasse 38 15324 Letschin,NA,52.650636,14.321503,male,adult,Mus musculus,2017,16/09/17,17/09/17,Czech,FALSE,16.88,80.69,71.77,0.0366,0.0762,0.0775,0.0235,119,NA,NA,NA,NA,NA,0.29
AA_0423,HZ_BR,Germany,Wriezenerstrasse 38 15324 Letschin,NA,52.650636,14.321503,male,adult,Mus musculus,2017,16/09/17,17/09/17,Czech,FALSE,17.24,82.22,75.58,0.0346,0.0785,0.0831,0.0192,0.1239,NA,NA,NA,NA,NA,0.27
AA_0424,HZ_BR,Germany,Grossbarmim 7 Neutmbbin (Ortsteil Alt-Barmim),NA,52.68668,14.277127,female,pregnant,Mus musculus,2017,16/09/17,17/09/17,Czech,FALSE,21.28,85.97,75.35,0.0268,NA,NA,NA,NA,NA,NA,NA,0,4,1.11
AA_0425,HZ_BR,Germany,Grossbarmim 7 Neutmbbin (Ortsteil Alt-Barmim),NA,52.68668,14.277127,female,adult,Mus musculus,2017,16/09/17,17/09/17,Czech,FALSE,12.48,73.42,71.5,0.0211,NA,NA,NA,NA,0.0034,0.0028,0.0062,0,0,0.16
AA_0426,HZ_BR,Germany,Wriezenerstrasse 38 15324 Letschin,NA,52.650636,14.321503,male,adult,Mus musculus,2017,16/09/17,17/09/17,Czech,TRUE,16.91,79.85,76.04,0.0183,0.0648,0.0687,0.0193,0.1778,NA,NA,NA,NA,NA,0.35
AA_0427,HZ_BR,Germany,Grossbarmim 7 Neutmbbin (Ortsteil Alt-Barmim),NA,52.68668,14.277127,male,adult,Mus musculus,2017,16/09/17,17/09/17,Czech,FALSE,17.97,82.64,80.03,0.04,0.0774,0.0793,0.0244,0.1106,NA,NA,NA,NA,NA,0.62
AA_0428,HZ_BR,Germany,Grossbarmim 7 Neutmbbin (Ortsteil Alt-Barmim),NA,52.68668,14.277127,female,young,Mus musculus,2017,16/09/17,17/09/17,Czech,FALSE,11,71.29,71.82,0.0168,NA,NA,NA,NA,NA,NA,NA,0,0,1.19
AA_0429,HZ_BR,Germany,Grossbarmim 7 Neutmbbin (Ortsteil Alt-Barmim),NA,52.68668,14.277127,male,young,Mus musculus,2017,16/09/17,17/09/17,Czech,TRUE,11.67,71.45,76.94,0.0245,0.0421,0.0458,4,0.0073,NA,NA,NA,NA,NA,0.81
AA_0430,HZ_BR,Germany,Grossbarmim 7 Neutmbbin (Ortsteil Alt-Barmim),NA,52.68668,14.277127,male,adult,Mus musculus,2017,16/09/17,17/09/17,Czech,FALSE,10.31,69.68,68.81,0.0164,0.0378,0.0387,0.0052,0.0059,NA,NA,NA,NA,NA,0.64
AA_0431,HZ_BR,Germany,Kleinbarmim 28 15320 Alt-Barmim,NA,52.682237,14.272369,male,adult,Mus musculus,2017,16/09/17,17/09/17,Czech,FALSE,12.98,73.32,70.77,0.0288,0.0528,0.0543,0.0087,0.0223,NA,NA,NA,NA,NA,0.68
AA_0432,HZ_BR,Germany,Pappelweg 5 Münchehofe,NA,52.493842,13.669169,female,adult,Mus musculus,2017,16/09/17,17/09/17,Czech,FALSE,11.54,73.92,85.25,NA,NA,NA,NA,NA,0.0011,0.0008,0.0019,0,0,0.48
AA_0433,HZ_BR,Germany,Kleinbarmim 28 15320 Alt-Barmim,NA,52.682267,14.272369,female,adult,Mus musculus,2017,16/09/17,17/09/17,Czech,FALSE,12.23,79.78,68.53,NA,NA,NA,NA,NA,NA,NA,NA,NA,NA,0.01
AA_0434,HZ_BR,Germany,Dorfstrasse 28 Wichmanndorf 17268,NA,53.237406,13.64217,male,adult,Mus musculus,2017,16/09/17,17/09/17,Czech,TRUE,13.07,73.8,51.59,0.0353,55,0.0562,0.0158,0.0781,NA,NA,NA,NA,NA,0.16
AA_0435,HZ_BR,Germany,Dorfstrasse 28 Wichmanndorf 17268,NA,53.237406,13.64217,male,adult,Mus musculus,2017,16/09/17,17/09/17,Czech,FALSE,18.13,79.04,57.54,0.0943,0.0621,0.0641,0.0162,0.1021,NA,NA,NA,NA,NA,0.69
AA_0436,HZ_BR,Germany,"Friedländer Ausbau, 15848 Friedland, Germany",NA,52.087884,14.26037,female,adult,Mus musculus,2017,16/09/17,17/09/17,Czech,FALSE,16.31,79.01,73.68,0.0678,NA,NA,NA,NA,0.0046,0.0049,NA,0,0,0.64
AA_0437,HZ_BR,Germany,Pappelweg 5 Münchehofe,NA,52.493842,13.669169,male,young,Mus musculus,2017,16/09/17,17/09/17,Czech,FALSE,5.5,53.78,64.5,0.0068,NA,NA,NA,NA,NA,NA,NA,NA,NA,0.1
AA_0438,HZ_BR,Germany,Pappelwerder 1 Papp1,NA,53.2108,13.6506,male,adult,Mus musculus,2017,16/09/17,17/09/17,Czech,FALSE,10.87,67.91,59.4,0.0253,0.0375,0.0399,0.0062,NA,NA,NA,NA,NA,NA,0.32
AA_0439,HZ_BR,Germany,"Lindenstraße 19, 15848 Beeskow, Germany",NA,52.173734,14.075887,male,adult,Mus musculus,2017,16/09/17,17/09/17,Czech,FALSE,17.88,81.9,80.82,0.0438,0.0594,0.0602,0.0202,0.1434,NA,NA,NA,NA,NA,0.49
AA_0440,HZ_BR,Germany,"Friedländer Ausbau, 15848 Friedland, Germany",NA,52.087884,14.26037,female,adult,Mus musculus,2017,16/09/17,17/09/17,Czech,TRUE,20.71,91.6,79.56,0.0828,NA,NA,NA,NA,0.0044,0.0062,0.0106,0,0,0.81
AA_0441,HZ_BR,Germany,"Friedländer Ausbau, 15848 Friedland, Germany",NA,52.087884,14.26037,female,adult,Mus musculus,2017,16/09/17,17/09/17,Czech,FALSE,13.8,76.45,73.74,0.0459,NA,NA,NA,NA,0.0031,0.0025,0.0056,0,0,0.11
AA_0442,HZ_BR,Germany,Schadow 5 dorfstrasse,NA,52.043945,14.270012,male,adult,Mus musculus,2017,16/09/17,17/09/17,Czech,FALSE,15.35,77.39,80.3,0.0249,0.0578,0.0605,0.0181,0.1143,NA,NA,NA,NA,NA,0.43
AA_0443,HZ_BR,Germany,"Friedländer Ausbau, 15848 Friedland, Germany",NA,52.087884,14.26037,male,adult,Mus musculus,2017,16/09/17,17/09/17,Czech,FALSE,18.96,85.31,74.68,36,0.0764,0.0795,0.0247,0.16,NA,NA,NA,NA,NA,0.26
AA_0444,HZ_BR,Germany,Schadow 5 dorfstrasse,NA,52.043945,14.270012,female,adult,Mus musculus,2017,16/09/17,17/09/17,Czech,FALSE,11.48,75.92,75.35,0.0179,NA,NA,NA,NA,0.0018,0.0022,4,0,0,0.68
AA_0445,HZ_BR,Germany,"Niewisch 25, 15848 Friedland, Germany",NA,52.075081,14.227153,female,adult,Mus musculus,2017,16/09/17,17/09/17,Czech,FALSE,16.61,80.85,78.89,35,NA,NA,NA,NA,0.0028,0.0051,0.0079,0,0,0.56
AA_0446,HZ_BR,Germany,Grossbarmim 7 Neutmbbin (Ortsteil Alt-Barmim),NA,52.68668,14.277127,male,adult,Mus musculus,2017,16/09/17,17/09/17,German,TRUE,8.89,69.46,66.28,0.03,NA,NA,NA,NA,NA,NA,NA,NA,NA,0.23
AA_0447,HZ_BR,Germany,Kleinbarmim 28 15320 Alt-Barmim,NA,52.682267,14.272369,NA,NA,Mus musculus,2017,16/09/17,17/09/17,German,TRUE,6.22,56.63,48.94,0.01,NA,NA,NA,NA,NA,NA,NA,NA,NA,0.2
AA_0448,HZ_BR,Germany,Pappelweg 5 Münchehofe,NA,52.493842,13.669169,NA,NA,Mus musculus,2017,16/09/17,17/09/17,German,FALSE,9.3,67.17,73.86,0.02,NA,NA,NA,NA,NA,NA,NA,NA,NA,0.51
AA_0449,HZ_BR,Germany,Pappelwerder 1 Papp1,NA,53.2108,13.6506,male,adult,Mus musculus,2017,16/09/17,17/09/17,German,FALSE,17.39,81.37,72.45,0.04,0.0181,72,27,161,NA,NA,NA,NA,NA,0.05
AA_0450,HZ_BR,Germany,Pappelwerder 1 Papp1,NA,53.2108,13.6506,female,adult,Mus musculus,2017,16/09/17,17/09/17,German,TRUE,17.64,87.07,71.68,0.05,NA,NA,NA,NA,NA,NA,NA,NA,NA,0.08
AA_0451,HZ_BR,Germany,Pappelwerder 1 Papp1,NA,53.2108,13.6506,female,adult,Mus musculus,2017,16/09/17,17/09/17,German,FALSE,14.01,77.38,68.59,0.03,NA,NA,NA,NA,NA,NA,NA,0,0,0.2
AA_0452,HZ_BR,Germany,Pappelwerder 1 Papp1,NA,53.2108,13.6506,female,adult,Mus musculus,2017,16/09/17,17/09/17,German,FALSE,9.69,65.32,62.24,0.03,NA,NA,NA,NA,NA,NA,NA,0,0,0.23
AA_0453,HZ_BR,Germany,"Friedländer Ausbau, 15848 Friedland, Germany",NA,52.087884,14.26037,male,adult,Mus musculus,2017,16/09/17,17/09/17,German,FALSE,13.61,74.75,67.98,0.0246,0.0546,0.0578,0.0128,0.0725,NA,NA,NA,NA,NA,0.19
AA_0454,HZ_BR,Germany,"Friedländer Ausbau, 15848 Friedland, Germany",NA,52.087884,14.26037,female,young,Mus musculus,2017,16/09/17,17/09/17,German,TRUE,8.99,67.68,62.82,0.02,NA,NA,NA,NA,NA,NA,NA,0,0,0.26 but in the same cage as AA_0463!!!!
AA_0455,HZ_BR,Germany,"Friedländer Ausbau, 15848 Friedland, Germany",NA,52.087884,14.26037,female,adult,Mus musculus,2017,16/09/17,17/09/17,German,FALSE,13.35,71.54,65.65,0.03,NA,NA,NA,NA,NA,NA,NA,0,0,0.54
AA_0456,HZ_BR,Germany,Pappelwerder 1 Papp1,NA,53.2108,13.6506,male,adult,Mus musculus,2017,16/09/17,17/09/17,German,TRUE,8.65,63.38,64.29,0.01,NA,NA,NA,NA,NA,NA,NA,NA,NA,0.49
AA_0457,HZ_BR,Germany,Schadow 5 dorfstrasse,NA,52.043945,14.270012,female,young,Mus musculus,2017,16/09/17,17/09/17,German,TRUE,9.57,64.3,57.78,0.03,NA,NA,NA,NA,NA,NA,NA,0,0,0.59
AA_0458,HZ_BR,Germany,Schadow 5 dorfstrasse,NA,52.043945,14.270012,female,adult,Mus musculus,2017,16/09/17,17/09/17,German,FALSE,15.58,75.52,70.29,0.03,NA,NA,NA,NA,NA,NA,NA,0,0,0.58
AA_0459,HZ_BR,Germany,"Friedländer Ausbau, 15848 Friedland, Germany",NA,52.087884,14.26037,female,adult,Mus musculus,2017,16/09/17,17/09/17,German,TRUE,10.88,66.45,61.02,NA,NA,NA,NA,NA,NA,NA,NA,0,0,0.53
AA_0460,HZ_BR,Germany,Pappelweg 5 Münchehofe,NA,52.493842,13.669169,female,young,Mus musculus,2017,16/09/17,17/09/17,German,FALSE,5.32,52.82,59.54,0.01,NA,NA,NA,NA,NA,NA,NA,0,0,0.76
AA_0461,HZ_BR,Germany,Pappelweg 5 Münchehofe,NA,52.493842,13.669169,male,adult,Mus musculus,2017,16/09/17,17/09/17,German,TRUE,8.38,66.85,86.57,0.01,NA,NA,NA,NA,NA,NA,NA,NA,NA,0.01
AA_0462,HZ_BR,Germany,Pappelweg 5 Münchehofe,NA,52.493842,13.669169,NA,NA,Mus musculus,2017,16/09/17,17/09/17,German,TRUE,9.38,60.92,74.21,0.01,NA,NA,NA,NA,NA,NA,NA,NA,NA,0.17
AA_0463,HZ_BR,Germany,"Friedländer Ausbau, 15848 Friedland, Germany",NA,52.087884,14.26037,female,young,Mus musculus,2017,16/09/17,17/09/17,German,TRUE,13.56,72.16,58.9,0.05,NA,NA,NA,NA,NA,NA,NA,0,0,0.01
AA_0464,HZ_BR,Germany,"Lettberger Str. 94, 12355 Berlin, Germany",NA,52.410749,13.518458,female,pregnant,Mus musculus,2017,16/09/17,17/09/17,German,FALSE,28.55,88.4,52.28,NA,NA,NA,NA,NA,NA,NA,NA,1,4,NA
AA_0465,HZ_BR,Germany,"Mildenberger Str. 1, 16792 Zehdenick, Germany",NA,52.9936,13.3047,male,adult,Mus musculus,2017,17/09/17,18/09/17,Czech,TRUE,16.78,80.95,84.11,0.0376,0.0715,0.0727,0.0234,0.2007,NA,NA,NA,NA,NA,0.38
AA_0466,HZ_BR,Germany,"Mildenberger Str. 1, 16792 Zehdenick, Germany",NA,52.9936,13.3047,female,adult,Mus musculus,2017,17/09/17,18/09/17,Czech,FALSE,13.1,74.57,84.07,0.0808,NA,NA,NA,NA,0.0014,0.0022,0.0036,0,0,0.53
AA_0467,HZ_BR,Germany,"Mildenberger Str. 1, 16792 Zehdenick, Germany",NA,52.9936,13.3047,female,adult,Mus musculus,2017,17/09/17,18/09/17,Czech,TRUE,16.02,81.75,86.88,45,NA,NA,NA,NA,0.0063,0.0076,0.0139,0,0,0.5
AA_0468,HZ_BR,Germany,pappelweg,NA,52.493864,13.670403,female,young,Mus musculus,2017,17/09/17,18/09/17,Czech,FALSE,3.65,NA,NA,0.0022,NA,NA,NA,NA,NA,NA,NA,0,0,0.22
AA_0469,HZ_BR,Germany,Three Oak ranch,NA,51.944782,13.92511,female,adult,Mus musculus,2017,27/09/2017,28/09/2017,German,FALSE,12.73,82,70,21,NA,NA,NA,NA,NA,NA,NA,0,0,444
AA_0470,HZ_BR,Germany,Three Oak ranch,NA,51.944782,13.92511,female,adult,Mus musculus,2017,27/09/2017,28/09/2017,German,FALSE,13.5,78,71,26,NA,NA,NA,NA,NA,NA,NA,0,0,323
AA_0471,HZ_BR,Germany,Chris corner ranch,NA,51.959192,13.670926,male,adult,Mus musculus,2017,27/09/2017,28/09/2017,German,FALSE,14.26,80,79,31,NA,NA,NA,NA,NA,NA,NA,NA,NA,393
AA_0472,HZ_BR,Germany,Wildpark Johanism?hle W1,NA,52.017078,13.530131,female,adult,Pet mus musculus,2017,27/09/2017,28/09/2017,German,FALSE,17.64,85,80,57,NA,NA,NA,NA,NA,NA,NA,0,0,NA
AA_0473,HZ_BR,Germany,Wildpark Johanism?hle W1,NA,52.017078,13.530131,male,adult,Pet mus musculus,2017,27/09/2017,28/09/2017,German,FALSE,20.6,8.9,80,145,NA,NA,NA,NA,NA,NA,NA,NA,NA,NA
AA_0474,HZ_BR,Germany,Wildpark Johanism?hle W1,NA,52.017078,13.530131,female,adult,Pet mus musculus,2017,27/09/2017,28/09/2017,German,FALSE,17.51,85,55,0.05,NA,NA,NA,NA,NA,NA,NA,0,0,NA
AA_0475,HZ_BR,Germany,Wildpark Johanism?hle W1,NA,52.017078,13.530131,male,adult,Pet mus musculus,2017,27/09/2017,28/09/2017,German,FALSE,13.5,75,73,46,NA,NA,NA,NA,NA,NA,NA,0,0,NA
AA_0476,HZ_BR,Germany,Wildpark Johanism?hle W1,NA,52.017078,13.530131,NA,NA,Pet mus musculus,2017,27/09/2017,28/09/2017,German,TRUE,16.41,76,75,42,NA,NA,NA,NA,NA,NA,NA,0,0,NA
AA_0477,HZ_BR,Germany,Wildpark Johanism?hle W1,NA,52.017078,13.530131,female,adult,Pet mus musculus,2017,27/09/2017,28/09/2017,German,FALSE,24.06,96,91,95,NA,NA,NA,NA,NA,NA,NA,0,0,NA
AA_0478,HZ_BR,Germany,Wildpark Johanism?hle W1,NA,52.017078,13.530131,male,adult,Pet mus musculus,2017,27/09/2017,28/09/2017,German,FALSE,17.66,NA,NA,69,NA,NA,NA,NA,NA,NA,NA,0,0,NA
AA_0479,HZ_BR,Germany,Wildpark Johanism?hle W2,NA,52.015121,13.528597,female,adult,Pet mus musculus,2017,27/09/2017,28/09/2017,German,FALSE,19.79,90,84,69,NA,NA,NA,NA,NA,NA,NA,0,0,NA
AA_0480,HZ_BR,Germany,Wildpark Johanism?hle W2,NA,52.015121,13.528597,male,adult,Pet mus musculus,2017,27/09/2017,28/09/2017,German,TRUE,18.52,83,68,0.06,NA,NA,NA,NA,NA,NA,NA,NA,NA,NA
AA_0481,HZ_BR,Germany,Wildpark Johanism?hle W2,NA,52.015121,13.528597,male,adult,Pet mus musculus,2017,27/09/2017,28/09/2017,German,FALSE,12.89,73,45,54,NA,NA,NA,NA,NA,NA,NA,0,0,NA
AA_0482,HZ_BR,Germany,Wildpark Johanism?hle W2,NA,52.015121,13.528597,female,adult,Pet mus musculus,2017,27/09/2017,28/09/2017,German,FALSE,28.6,98,84,0.2,NA,NA,NA,NA,NA,NA,NA,0,0,NA
AA_0483,HZ_BR,Germany,Wildpark Johanism?hle W2,NA,52.015121,13.528597,NA,NA,Pet mus musculus,2017,27/09/2017,28/09/2017,German,FALSE,18.31,86,75,0.07,NA,NA,NA,NA,NA,NA,NA,0,0,NA
AA_0484,HZ_BR,Germany,Wildpark Johanism?hle W2,NA,52.015121,13.528597,male,adult,Pet mus musculus,2017,27/09/2017,28/09/2017,German,FALSE,23.79,90,80,86,NA,NA,NA,NA,NA,NA,NA,0,0,NA
AA_0485,HZ_BR,Germany,Wildpark Johanism?hle W2,NA,52.015121,13.528597,male,adult,Pet mus musculus,2017,27/09/2017,28/09/2017,German,FALSE,17.92,81,87,29,NA,NA,NA,NA,NA,NA,NA,0,0,NA
AA_0486,HZ_BR,Germany,Wildpark Johanism?hle W2,NA,52.015121,13.528597,male,adult,Pet mus musculus,2017,27/09/2017,28/09/2017,German,FALSE,20.48,85,36,79,NA,NA,NA,NA,NA,NA,NA,0,0,NA
AA_0487,HZ_BR,Germany,Wildpark Johanism?hle W2,NA,52.015121,13.528597,female,adult,Pet mus musculus,2017,27/09/2017,28/09/2017,German,FALSE,14.54,82,77,83,NA,NA,NA,NA,NA,NA,NA,0,0,NA
AA_0488,HZ_BR,Germany,Wildpark Johanism?hle W2,NA,52.015121,13.528597,female,adult,Pet mus musculus,2017,27/09/2017,28/09/2017,German,FALSE,16.55,84,79,42,NA,NA,NA,NA,NA,NA,NA,0,0,NA
AA_0489,HZ_BR,Germany,Feldweg 5 23972 Dorf Mecklenburg,NA,53.84506,11.4812,female,pregnant,Mus musculus,2017,05/10/17,06/10/17,German,FALSE,20.85,84,64,56,NA,NA,NA,NA,NA,NA,NA,0,0,786
AA_0490,HZ_BR,Germany,Feldweg 5 23972 Dorf Mecklenburg,NA,53.84506,11.4812,male,adult,Mus musculus,2017,05/10/17,06/10/17,German,FALSE,17.5,83,56,0.03,NA,NA,NA,NA,NA,NA,NA,NA,NA,825
AA_0491,HZ_BR,Germany,Feldweg 5 23972 Dorf Mecklenburg,NA,53.84506,11.4812,male,adult,Mus musculus,2017,05/10/17,06/10/17,German,FALSE,17.79,81,15,21,NA,NA,NA,NA,NA,NA,NA,NA,NA,863
AA_0492,HZ_BR,Germany,Feldweg 5 23972 Dorf Mecklenburg,NA,53.84506,11.4812,male,adult,Mus musculus,2017,05/10/17,06/10/17,German,FALSE,NA,NA,NA,28,NA,NA,NA,NA,NA,NA,NA,NA,NA,0
AA_0493,HZ_BR,Germany,Feldweg 5 23972 Dorf Mecklenburg,NA,53.84506,11.4812,male,young,Mus musculus,2017,05/10/17,06/10/17,German,FALSE,NA,NA,NA,0.01,NA,NA,NA,NA,NA,NA,NA,NA,NA,0
AA_0494,HZ_BR,Germany,Zum Gutshof 10 23974 Neuburg,NA,53.94049,11.6069,male,NA,Mus musculus,2017,05/10/17,06/10/17,German,FALSE,NA,NA,NA,51,NA,NA,NA,NA,NA,NA,NA,NA,NA,0
AA_0495,HZ_BR,Germany,Zum Gutshof 10 23974 Neuburg,NA,53.94049,11.6069,male,adult,Mus musculus,2017,05/10/17,06/10/17,German,FALSE,NA,NA,NA,46,NA,NA,NA,NA,NA,NA,NA,NA,NA,184
AA_0496,HZ_BR,Germany,Zum Gutshof 10 23974 Neuburg,NA,53.94049,11.6069,female,adult,Mus musculus,2017,05/10/17,06/10/17,German,TRUE,15.992,83,65,28,NA,NA,NA,NA,NA,NA,NA,0,0,726
AA_0497,HZ_BR,Germany,Zum Gutshof 10 23974 Neuburg,NA,53.94049,11.6069,male,adult,Mus musculus,2017,05/10/17,06/10/17,German,FALSE,13.985,80,62,0.05,NA,NA,NA,NA,NA,NA,NA,NA,NA,651
AA_0498,HZ_BR,Germany,Zum Gutshof 10 23974 Neuburg,NA,53.94049,11.6069,male,adult,Mus musculus,2017,05/10/17,06/10/17,German,FALSE,16.541,85,60,48,NA,NA,NA,NA,NA,NA,NA,NA,NA,0.52
AA_0499,HZ_BR,Germany,Zum Gutshof 10 23974 Neuburg,NA,53.94049,11.6069,male,adult,Mus musculus,2017,05/10/17,06/10/17,German,FALSE,14.472,78,52,68,NA,NA,NA,NA,NA,NA,NA,NA,NA,471
AA_0500,HZ_BR,Germany,Zum Gutshof 10 23974 Neuburg,NA,53.94049,11.6069,male,adult,Mus musculus,2017,05/10/17,06/10/17,German,FALSE,16.246,83,58,45,NA,NA,NA,NA,NA,NA,NA,NA,NA,737
AA_0501,HZ_BR,Germany,Zum Gutshof 10 23974 Neuburg,NA,53.94049,11.6069,NA,NA,Mus musculus,2017,05/10/17,06/10/17,German,TRUE,14.056,75,51,31,NA,NA,NA,NA,NA,NA,NA,NA,NA,698
AA_0502,HZ_BR,Germany,Zum Gutshof 10 23974 Neuburg,NA,53.94049,11.6069,male,adult,Mus musculus,2017,05/10/17,06/10/17,German,TRUE,13.849,77,61,53,NA,NA,NA,NA,NA,NA,NA,NA,NA,0.23
AA_0503,HZ_BR,Germany,Zum Gutshof 10 23974 Neuburg,NA,53.94049,11.6069,male,adult,Mus musculus,2017,05/10/17,06/10/17,German,TRUE,16.746,85,65,0.05,NA,NA,NA,NA,NA,NA,NA,NA,NA,1117
AA_0504,HZ_BR,Germany,Grabow h?fe Kapstrasse,NA,53.567821,12.59032,male,adult,Mus musculus,2017,05/10/17,06/10/17,German,FALSE,13.938,80,68,52,NA,NA,NA,NA,NA,NA,NA,NA,NA,295
AA_0505,HZ_BR,Germany,Grabow h?fe Kapstrasse,NA,53.567821,12.59032,female,adult,Mus musculus,2017,05/10/17,06/10/17,German,FALSE,16.174,86,65,37,NA,NA,NA,NA,NA,NA,NA,NA,NA,392
AA_0506,HZ_BR,Germany,Grabow h?fe Kapstrasse,NA,53.567821,12.59032,female,pregnant,Mus musculus,2017,05/10/17,06/10/17,German,FALSE,24.152,91,72,98,NA,NA,NA,NA,NA,NA,NA,4,2,428
AA_0507,HZ_BR,Germany,Grabow h?fe Kapstrasse,NA,53.567821,12.59032,male,adult,Mus musculus,2017,05/10/17,06/10/17,German,NA,NA,NA,NA,46,NA,NA,NA,NA,NA,NA,NA,NA,NA,0
AA_0508,HZ_BR,Germany,Grabow h?fe Kapstrasse,NA,53.567821,12.59032,male,adult,Mus musculus,2017,05/10/17,06/10/17,German,NA,NA,NA,NA,29,NA,NA,NA,NA,NA,NA,NA,NA,NA,0
AA_0509,HZ_BR,Germany,gross b?belin dorfstrasse 18295,NA,53.6395,12.38819,male,adult,Mus musculus,2017,05/10/17,06/10/17,German,FALSE,13.77,76,NA,73,NA,NA,NA,NA,NA,NA,NA,NA,NA,155
AA_0510,HZ_BR,Germany,gross b?belin dorfstrasse 18295,NA,53.6395,12.38819,NA,young,Mus musculus,2017,05/10/17,06/10/17,German,FALSE,8.011,65,64,15,NA,NA,NA,NA,NA,NA,NA,NA,NA,204
AA_0511,HZ_BR,Germany,im bauerndorf 12 17214 Sliz,NA,53.51885,12.4464,male,adult,Mus musculus,2017,05/10/17,06/10/17,German,FALSE,18.058,91,72,38,NA,NA,NA,NA,NA,NA,NA,NA,NA,506
AA_0512,HZ_BR,Germany,im bauerndorf 12 17214 Sliz,NA,53.51885,12.4464,female,adult,Mus musculus,2017,05/10/17,06/10/17,German,FALSE,17.791,84,72,42,NA,NA,NA,NA,NA,NA,NA,NA,NA,643
AA_0513,HZ_BR,Germany,im bauerndorf 12 17214 Sliz,NA,53.51885,12.4464,female,young,Mus musculus,2017,05/10/17,06/10/17,German,FALSE,11.358,68,62,25,NA,NA,NA,NA,NA,NA,NA,NA,NA,0.849 BUT same cage as 514 and 515
AA_0514,HZ_BR,Germany,im bauerndorf 12 17214 Sliz,NA,53.51885,12.4464,male,young,Mus musculus,2017,05/10/17,06/10/17,German,FALSE,7.338,60,55,7,NA,NA,NA,NA,NA,NA,NA,NA,NA,With 513 and 515
AA_0515,HZ_BR,Germany,im bauerndorf 12 17214 Sliz,NA,53.51885,12.4464,NA,NA,Mus musculus,2017,05/10/17,06/10/17,German,FALSE,7.449,64,64,0.01,NA,NA,NA,NA,NA,NA,NA,NA,NA,With 513 and 514
AA_0516,HZ_BR,Germany,"Kirschallee 3, 03205 Mlode",NA,51.775877,13.957539,female,pregnant,Mus musculus,2017,24/10/17,25/10/17,German,FALSE,19.04,83,76,36,NA,NA,NA,NA,NA,NA,NA,1,0,1131
AA_0517,HZ_BR,Germany,"Kirschallee 3, 03205 Mlode",NA,51.775877,13.957539,male,adult,Mus musculus,2017,24/10/17,25/10/17,German,FALSE,15.936,82,79,28,NA,NA,NA,NA,NA,NA,NA,NA,NA,891
AA_0518,HZ_BR,Germany,"Kemmener Dorfstrasse 1, 03205 Kemmen",NA,51.733743,13.912772,male,adult,Mus musculus,2017,24/10/17,25/10/17,German,FALSE,7.357,60,59,15,NA,NA,NA,NA,NA,NA,NA,NA,NA,131
AA_0519,HZ_BR,Germany,"Pießig 27, 03249 Sonnewalde",NA,51.676761,13.679507,male,adult,Mus musculus,2017,24/10/17,25/10/17,German,TRUE,17.045,75,89,25,NA,NA,NA,NA,NA,NA,NA,NA,NA,389
AA_0520,HZ_BR,Germany,"Pießig 27, 03249 Sonnewalde",NA,51.676761,13.679507,female,adult,Mus musculus,2017,24/10/17,25/10/17,German,TRUE,20.143,85,85,58,NA,NA,NA,NA,NA,NA,NA,NA,NA,316
AA_0521,HZ_BR,Germany,"Pießig 27, 03249 Sonnewalde",NA,51.676761,13.679507,female,adult,Mus musculus,2017,24/10/17,25/10/17,German,FALSE,12.845,71,76,0.03,NA,NA,NA,NA,NA,NA,NA,NA,NA,272
AA_0522,HZ_BR,Germany,"Pießig 27, 03249 Sonnewalde",NA,51.676761,13.679507,female,adult,Mus musculus,2017,24/10/17,25/10/17,German,FALSE,15.129,81,80,26,NA,NA,NA,NA,NA,NA,NA,NA,NA,558
AA_0523,HZ_BR,Germany,"Pießig 27, 03249 Sonnewalde",NA,51.676761,13.679507,male,adult,Mus musculus,2017,24/10/17,25/10/17,German,FALSE,12.405,72,79,12,NA,NA,NA,NA,NA,NA,NA,NA,NA,308
ZZ_0001,HZ_BR,Germany,Wriezenerstrasse 6 16269 wriezen,FRANK6,52.6703,14.0589,male,adult,apodemus,2017,11/09/17,12/09/17,German,FALSE,NA,NA,NA,NA,NA,NA,NA,NA,NA,NA,NA, / / SI /,NA,0.75
ZZ_0002,HZ_BR,Germany,Mühlenstrasse 23 15345 alt-landsberg wesenthal,NA,52.593745,13.833525,male,young,rattus norvegicus,2017,11/09/17,11/09/17,German,FALSE,NA,NA,NA,NA,NA,NA,NA,NA,NA,NA,NA,NA,NA,NA
ZZ_0003,HZ_BR,Germany,Kastanienweg 7 15345 Prädikow,NA,52.6242788,14.0101667,female,adult,bank vole,2017,11/09/17,12/09/17,German,FALSE,NA,NA,NA,NA,NA,NA,NA,NA,NA,NA,NA,NA,NA,1.19
ZZ_0004,HZ_BR,Germany,forstrasse joachimsthal 3,NA,52.994574,13.684043,female,adult,bank vole,2017,11/09/17,12/09/17,German,FALSE,NA,NA,NA,NA,NA,NA,NA,NA,NA,NA,NA,NA,NA,0.83
ZZ_0005,HZ_BR,Germany,lanke wandlitzer strasse 16,NA,52.757551,13.523808,female,adult,apodemus flaviolis,2017,12/09/17,13/09/17,German,FALSE,NA,NA,NA,NA,NA,NA,NA,NA,NA,NA,NA,NA,NA,0.05
ZZ_0006,HZ_BR,Germany,lanke wandlitzer strasse 16,NA,52.757551,13.523808,female,adult,feldmaus,2017,12/09/17,13/09/17,German,FALSE,NA,NA,NA,NA,NA,NA,NA,NA,NA,NA,NA,NA,NA,0.22
ZZ_0007,HZ_BR,Germany,lanke wandlitzer strasse 16,NA,52.757551,13.523808,NA,adult,apodemus,2017,12/09/17,13/09/17,German,FALSE,NA,NA,NA,NA,NA,NA,NA,NA,NA,NA,NA,NA,NA,0.11
ZZ_0008,HZ_BR,Germany,lanke wandlitzer strasse 16,NA,52.757551,13.523808,NA,adult,feldmaus,2017,12/09/17,13/09/17,German,FALSE,NA,NA,NA,NA,NA,NA,NA,NA,NA,NA,NA,NA,NA,0.11
ZZ_0009,HZ_BR,Germany,lanke wandlitzer strasse 16,NA,52.757551,13.523808,NA,adult,bank vole,2017,12/09/17,13/09/17,German,FALSE,NA,NA,NA,NA,NA,NA,NA,NA,NA,NA,NA,NA,NA,0.35
ZZ_0010,HZ_BR,Germany,lanke wandlitzer strasse 16,NA,52.757551,13.523808,NA,adult,bank vole,2017,12/09/17,13/09/17,German,FALSE,NA,NA,NA,NA,NA,NA,NA,NA,NA,NA,NA,NA,NA,0.03
ZZ_0011,HZ_BR,Germany,Erste-kolonie 39,NA,51.830746,14.076701,NA,adult,apodemus,2017,12/09/17,13/09/17,German,TRUE,28.51,96.75,100.89,0.16,NA,NA,NA,NA,NA,NA,NA,NA,NA,0.87
ZZ_0012,HZ_BR,Germany,Haus am See 23 Briesensee,NA,51.960206,14.01867,male,adult,apodemus,2017,14/09/17,15/09/17,German,FALSE,NA,NA,NA,NA,NA,NA,NA,NA,NA,NA,NA,NA,NA,0.16
ZZ_0013,HZ_BR,Germany,Haus am See 23 Briesensee,NA,51.960206,14.01867,male,young,apodemus,2017,14/09/17,15/09/17,German,TRUE,NA,NA,NA,NA,NA,NA,NA,NA,NA,NA,NA,NA,NA,0.42
ZZ_0014,HZ_BR,Germany,GROSSV1,NA,53.005087,13.560222,male,NA,microtus,2017,14/09/17,15/09/17,German,FALSE,NA,NA,NA,NA,NA,NA,NA,NA,NA,NA,NA,NA,NA,0.14
ZZ_0015,HZ_BR,Germany,Weesow Siedlungstrasse 14,NA,NA,NA,male,NA,apodemus,2017,14/09/17,15/09/17,German,FALSE,NA,NA,NA,NA,NA,NA,NA,NA,NA,NA,NA,NA,NA,0.37
ZZ_0016,HZ_BR,Germany,Spreehagenstr. 1 15754 Heidesee,NA,52.269419,13.834069,male,NA,apodemus,2017,14/09/17,15/09/17,German,TRUE,NA,NA,NA,NA,NA,NA,NA,NA,NA,NA,NA,NA,NA,0.39
ZZ_0017,HZ_BR,Germany,Spreehagenstr. 1 15754 Heidesee,NA,52.269419,13.834069,female,NA,bank vole,2017,14/09/17,15/09/17,German,FALSE,NA,NA,NA,NA,NA,NA,NA,NA,NA,NA,NA,NA,NA,0.76
ZZ_0018,HZ_BR,Germany,Spreehagenstr. 1 15754 Heidesee,NA,52.269419,13.834069,male,NA,apodemus,2017,14/09/17,15/09/17,German,FALSE,NA,NA,NA,NA,NA,NA,NA,NA,NA,NA,NA,NA,NA,0.84
ZZ_0019,HZ_BR,Germany,Grünthal Biesenthaler strasse 1,NA,NA,NA,female,NA,apodemus,2017,14/09/17,15/09/17,German,TRUE,NA,NA,NA,NA,NA,NA,NA,NA,NA,NA,NA,NA,NA,0.13
ZZ_0020,HZ_BR,Germany,Grünthal Biesenthaler strasse 1,NA,NA,NA,female,NA,apodemus,2017,14/09/17,15/09/17,German,TRUE,NA,NA,NA,NA,NA,NA,NA,NA,NA,NA,NA,NA,NA,0.55
ZZ_0021,HZ_BR,Germany,Grünthal Biesenthaler strasse 1,NA,NA,NA,female,NA,apodemus,2017,14/09/17,15/09/17,German,FALSE,NA,NA,NA,NA,NA,NA,NA,NA,NA,NA,NA,NA,NA,1.48
ZZ_0022,HZ_BR,Germany,FLIE8,NA,NA,NA,male,NA,microtus bank vole,2017,14/09/17,15/09/17,German,TRUE,NA,NA,NA,NA,NA,NA,NA,NA,NA,NA,NA,NA,NA,0.03
ZZ_0023,HZ_BR,Germany,Grünthal Biesenthaler strasse 1,NA,NA,NA,male,young,apodemus,2017,14/09/17,15/09/17,German,FALSE,NA,NA,NA,NA,NA,NA,NA,NA,NA,NA,NA,NA,NA,0.35
ZZ_0024,HZ_BR,Germany,Haus am See 23 Briesensee,NA,51.560206,14.01867,male,NA,apodemus,2017,14/09/17,15/09/17,German,TRUE,NA,NA,NA,NA,NA,NA,NA,NA,NA,NA,NA,NA,NA,1.06
ZZ_0025,HZ_BR,Germany,GROSSV1,NA,53.005087,13.560222,male,NA,apodemus,2017,14/09/17,15/09/17,German,TRUE,NA,NA,NA,NA,NA,NA,NA,NA,NA,NA,NA,NA,NA,0.09
ZZ_0026,HZ_BR,Germany,GROSSV1,NA,53.005087,13.560222,female,NA,apodemus,2017,14/09/17,15/09/17,German,TRUE,NA,NA,NA,NA,NA,NA,NA,NA,NA,NA,NA,NA,NA,0.41
ZZ_0027,HZ_BR,Germany,Haus am See 23 Briesensee,NA,51.560206,14.01867,male,young,apodemus,2017,14/09/17,15/09/17,German,FALSE,NA,NA,NA,NA,NA,NA,NA,NA,NA,NA,NA,NA,NA,0.21
ZZ_0028,HZ_BR,Germany,Weesow Siedlungstrasse 14,NA,NA,NA,male,NA,apodemus,2017,14/09/17,15/09/17,German,TRUE,NA,NA,NA,NA,NA,NA,NA,NA,NA,NA,NA,NA,NA,0.24
ZZ_0029,HZ_BR,Germany,Haus am See 23 Briesensee,NA,51.960206,14.01867,male,NA,apodemus,2017,14/09/17,15/09/17,German,FALSE,NA,NA,NA,NA,NA,NA,NA,NA,NA,NA,NA,NA,NA,0.49
ZZ_0030,HZ_BR,Germany,Waldstrasse 1,NA,51.974531,14.054357,female,NA,apodemus,2017,14/09/17,15/09/17,German,FALSE,NA,NA,NA,NA,NA,NA,NA,NA,NA,NA,NA,NA,NA,0.57
ZZ_0031,HZ_BR,Germany,Haus am See 23 Briesensee,NA,51.960206,14.01867,male,young,apodemus,2017,14/09/17,15/09/17,German,FALSE,NA,NA,NA,NA,NA,NA,NA,NA,NA,NA,NA,NA,NA,0.22
ZZ_0032,HZ_BR,Germany,GROSSV1,NA,53.005087,13.560222,NA,NA,apodemus,2017,14/09/17,15/09/17,German,FALSE,NA,NA,NA,NA,NA,NA,NA,NA,NA,NA,NA,NA,NA,0.44
ZZ_0033,HZ_BR,Germany,Weesow Siedlungstrasse 14,NA,NA,NA,NA,NA,apodemus,2017,14/09/17,15/09/17,German,FALSE,NA,NA,NA,NA,NA,NA,NA,NA,NA,NA,NA,NA,NA,0.95
ZZ_0034,HZ_BR,Germany,Ringenwalderstr 31,NA,53.033482,13.711559,NA,pregnant,apodemus,2017,15/09/17,16/09/17,German,FALSE,NA,NA,NA,NA,NA,NA,NA,NA,NA,NA,NA,NA,NA,0.79
ZZ_0035,HZ_BR,Germany,Rieplos berghof 2 15859 Rieplos (Storkow),NA,52.276343,13.897624,NA,NA,apodemus,2017,15/09/17,16/09/17,German,FALSE,NA,NA,NA,NA,NA,NA,NA,NA,NA,NA,NA,NA,NA,0.31
ZZ_0036,HZ_BR,Germany,Pappelwerder 1 Papp1,NA,NA,NA,male,NA,apodemus,2017,16/09/17,17/09/17,German,FALSE,NA,NA,NA,NA,NA,NA,NA,NA,NA,NA,NA,NA,NA,0.68
ZZ_0037,HZ_BR,Germany,"Nauener Chaussee 23, 16766 Kremmen, Germany",NA,52.729722,12.9925,male,young,apodemus,2017,16/09/17,17/09/17,German,TRUE,NA,NA,NA,NA,NA,NA,NA,NA,NA,NA,NA,NA,NA,0.82 but mixed with ZZ_0038
ZZ_0038,HZ_BR,Germany,"Nauener Chaussee 23, 16766 Kremmen, Germany",NA,52.729722,12.9925,female,adult,apodemus,2017,16/09/17,17/09/17,German,TRUE,NA,NA,NA,NA,NA,NA,NA,NA,NA,NA,NA,NA,NA,0.82 but mixed with ZZ_0037
ZZ_0039,HZ_BR,Germany,"Nauener Chaussee 23, 16766 Kremmen, Germany",NA,52.729722,12.9925,female,adult,apodemus,2017,16/09/17,17/09/17,German,FALSE,NA,NA,NA,NA,NA,NA,NA,NA,NA,NA,NA,NA,NA,1.08
ZZ_0040,HZ_BR,Germany,"Nauener Chaussee 23, 16766 Kremmen, Germany",NA,52.729722,12.9925,NA,NA,NA,2017,16/09/17,17/09/17,German,FALSE,NA,NA,NA,NA,NA,NA,NA,NA,NA,NA,NA,NA,NA,NA
ZZ_0041,HZ_BR,Germany,alte dorfstrasse 2,NA,NA,NA,female,adult,bank vole,2017,17/09/17,18/09/17,German,FALSE,NA,NA,NA,NA,NA,NA,NA,NA,NA,NA,NA,NA,NA,NA
ZZ_0042,HZ_BR,Germany,alte dorfstrasse 2,NA,NA,NA,female,adult,apodemus,2017,17/09/17,18/09/17,German,TRUE,NA,NA,NA,NA,NA,NA,NA,NA,NA,NA,NA,NA,NA,0.36
ZZ_0043,HZ_BR,Germany,alte dorfstrasse 2,NA,NA,NA,female,adult,apodemus,2017,17/09/17,18/09/17,German,FALSE,NA,NA,NA,NA,NA,NA,NA,NA,NA,NA,NA,NA,NA,0.67
ZZ_0044,HZ_BR,Germany,alte dorfstrasse 2,NA,NA,NA,female,adult,apodemus,2017,17/09/17,18/09/17,German,TRUE,NA,NA,NA,NA,NA,NA,NA,NA,NA,NA,NA,NA,NA,0.52
ZZ_0045,HZ_BR,Germany,alte dorfstrasse 2,NA,NA,NA,female,adult,apodemus,2017,17/09/17,18/09/17,German,FALSE,NA,NA,NA,NA,NA,NA,NA,NA,NA,NA,NA,NA,NA,0.74
ZZ_0046,HZ_BR,Germany,alte dorfstrasse 2,NA,NA,NA,female,adult,apodemus,2017,17/09/17,18/09/17,German,FALSE,NA,NA,NA,NA,NA,NA,NA,NA,NA,NA,NA,NA,NA,0.2
ZZ_0047,HZ_BR,Germany,hagener weg 9,NA,NA,NA,NA,NA,apodemus,2017,17/09/17,18/09/17,German,FALSE,NA,NA,NA,NA,NA,NA,NA,NA,NA,NA,NA,NA,NA,0.5
ZZ_0048,HZ_BR,Germany,Dorfstrasse 11,NA,NA,NA,male,adult,apodemus,2017,17/09/17,18/09/17,German,FALSE,NA,NA,NA,NA,NA,NA,NA,NA,NA,NA,NA,NA,NA,0.19
ZZ_0049,HZ_BR,Germany,Sonnenallee 1,NA,NA,NA,male,adult,apodemus,2017,17/09/17,18/09/17,German,TRUE,NA,NA,NA,NA,NA,NA,NA,NA,NA,NA,NA,NA,NA,1.3
ZZ_0050,HZ_BR,Germany,hagener weg 9,NA,NA,NA,female,adult,apodemus,2017,17/09/17,18/09/17,German,FALSE,NA,NA,NA,NA,NA,NA,NA,NA,NA,NA,NA,NA,NA,1.24
ZZ_0051,HZ_BR,Germany,parkweg,NA,NA,NA,NA,NA,apodemus,2017,17/09/17,18/09/17,German,TRUE,NA,NA,NA,NA,NA,NA,NA,NA,NA,NA,NA,NA,NA,0.29
ZZ_0052,HZ_BR,Germany,camping place niederfinow,NA,NA,NA,female,NA,apodemus,2017,17/09/17,18/09/17,German,FALSE,NA,NA,NA,NA,NA,NA,NA,NA,NA,NA,NA,NA,NA,0.21
ZZ_0053,HZ_BR,Germany,Wochowseer Dorfstrasse 3 15859 Storkow (Mark),NA,52.22625,13.903883,female,adult,bank vole,2017,27/09/2017,28/09/2017,German,FALSE,24.335,NA,NA,81,NA,NA,NA,NA,NA,NA,NA,NA,NA,758
ZZ_0054,HZ_BR,Germany,"Bugker dorfstrasse 7, 15859 Storkow (Mark), Germany",NA,52.19469,13.917837,male,NA,dead apodemus,2017,28/09/2017,29/09/2017,German,FALSE,NA,NA,NA,NA,NA,NA,NA,NA,NA,NA,NA,NA,NA,NA
ZZ_0055,HZ_BR,Germany,Kobande,NA,53.61532,11.9645,male,young,apodemus,2017,05/10/17,06/10/17,German,FALSE,6.721,NA,NA,16,NA,NA,NA,NA,NA,NA,NA,NA,NA,195
ZZ_0056,HZ_BR,Germany,Kobande,NA,53.61532,11.9645,male,NA,apodemus agrarius,2017,05/10/17,06/10/17,German,FALSE,17.057,NA,NA,58,NA,NA,NA,NA,NA,NA,NA,NA,NA,473
ZZ_0057,HZ_BR,Germany,im bauerndorf 12 17214 Sliz,NA,53.51885,12.4464,female,adult,apodemus,2017,05/10/17,06/10/17,German,FALSE,28.57,NA,NA,45,NA,NA,NA,NA,NA,NA,NA,NA,NA,534
ZZ_0058,HZ_BR,Germany,Dorfstrasse 38 19406 Dabel,NA,53.67768,11.8673,male,adult,apodemus,2017,05/10/17,06/10/17,German,FALSE,34.331,NA,NA,118,NA,NA,NA,NA,NA,NA,NA,NA,NA,798
ZZ_0059,HZ_BR,Germany,b?sow,NA,53.91909,11.2138,male,adult,apodemus,2017,05/10/17,06/10/17,German,TRUE,36.443,NA,NA,212,NA,NA,NA,NA,NA,NA,NA,NA,NA,987
ZZ_0060,HZ_BR,Germany,im bauerndorf 12 17214 Sliz,NA,53.51885,12.4464,NA,NA,apodemus,2017,05/10/17,06/10/17,German,TRUE,31.832,NA,NA,68,NA,NA,NA,NA,NA,NA,NA,NA,NA,1074
ZZ_0061,HZ_BR,Germany,Reiterhof biesenthal kirschallee 10 16359 biesenthal,NA,52.776968,13.641412,female,NA,apodemus,2017,19/10/17,20/10/17,German,TRUE,18.953,NA,NA,104,NA,NA,NA,NA,NA,NA,NA,NA,NA,182
ZZ_0062,HZ_BR,Germany,Reiterhof biesenthal kirschallee 10 16359 biesenthal,NA,52.776968,13.641412,NA,NA,apodemus,2017,19/10/17,20/10/17,German,FALSE,16.939,NA,NA,44,NA,NA,NA,NA,NA,NA,NA,NA,NA,486
ZZ_0063,HZ_BR,Germany,Alt-wilkendorf 24 16345 Altlandsberg,NA,52.610754,13.908386,male,NA,apodemus,2017,19/10/17,20/10/17,German,TRUE,27.788,NA,NA,81,NA,NA,NA,NA,NA,NA,NA,NA,NA,612
ZZ_0064,HZ_BR,Germany,Alt-wilkendorf 24 16345 Altlandsberg,NA,52.610754,13.908386,female,NA,apodemus,2017,19/10/17,20/10/17,German,FALSE,44.371,NA,NA,289,NA,NA,NA,NA,NA,NA,NA,NA,NA,1415
ZZ_0065,HZ_BR,Germany,Helenauer weg 10 16321 Bernau,NA,52.63889,13.635054,female,NA,apodemus,2017,19/10/17,20/10/17,German,FALSE,27.785,NA,NA,395,NA,NA,NA,NA,NA,NA,NA,NA,NA,916
ZZ_0066,HZ_BR,Germany,Helenauer weg 10 16321 Bernau,NA,52.63889,13.635054,female,NA,apodemus,2017,19/10/17,20/10/17,German,FALSE,21.141,NA,NA,72,NA,NA,NA,NA,NA,NA,NA,NA,NA,611
ZZ_0067,HZ_BR,Germany,Paulshof,NA,52.58066,13.69555,female,NA,apodemus,2017,19/10/17,20/10/17,German,FALSE,13.095,NA,NA,28,NA,NA,NA,NA,NA,NA,NA,NA,NA,217
ZZ_0068,HZ_BR,Germany,Balancia weesoweg dorfstrasse 17,NA,52.649442,13.720338,female,NA,apodemus,2017,19/10/17,20/10/17,German,FALSE,15.714,NA,NA,47,NA,NA,NA,NA,NA,NA,NA,NA,NA,876
ZZ_0069,HZ_BR,Germany,Balancia weesoweg dorfstrasse 17,NA,52.649442,13.720338,female,NA,apodemus,2017,19/10/17,20/10/17,German,NA,NA,NA,NA,0.02,NA,NA,NA,NA,NA,NA,NA,NA,NA,0
ZZ_0070,HZ_BR,Germany,Alt-wilkendorf 24 16345 Altlandsberg,NA,52.610754,13.908386,male,,apodemus,2017,19/10/17,20/10/17,German,NA,NA,NA,NA,0.1,NA,NA,NA,NA,NA,NA,NA,NA,NA,0
ZZ_0071,HZ_BR,Germany,Alt-wilkendorf 24 16345 Altlandsberg,NA,52.610754,13.908386,male,,apodemus,2017,19/10/17,20/10/17,German,NA,NA,NA,NA,435,NA,NA,NA,NA,NA,NA,NA,NA,NA,0
ZZ_0072,HZ_BR,Germany,Alt-wilkendorf 24 16345 Altlandsberg,NA,52.610754,13.908386,female,,apodemus,2017,19/10/17,20/10/17,German,NA,NA,NA,NA,82,NA,NA,NA,NA,NA,NA,NA,NA,NA,0
ZZ_0073,HZ_BR,Germany,Helenauer weg 10 16321 Bernau,NA,52.63889,13.635054,female,,apodemus,2017,19/10/17,20/10/17,German,NA,NA,NA,NA,26,NA,NA,NA,NA,NA,NA,NA,NA,NA,0
ZZ_0074,HZ_BR,Germany,"Kirschallee 3, 03205 Mlode",NA,51.775877,13.957539,male,young,rattus,2017,24/10/17,25/10/17,German,NA,NA,NA,NA,107,NA,NA,NA,NA,NA,NA,NA,NA,NA,1287
